연번,시도명,시군구명,법정동명,관리번호,시설물명,세부위치,위도,경도,데이터기준일자,이미지명,비고
1,경기도,성남시 분당구,구미동,성남-rtbs-001,가로등,동성교통 북쪽,37.342505,127.105724,2022.10.19,성남-rtbs-001-01.jpeg,
2,경기도,성남시 분당구,구미동,성남-rtbs-001,신호제어기,동성교통 북쪽,37.342499,127.105732,2022.10.19,성남-rtbs-001-02.jpeg,
3,경기도,성남시 분당구,구미동,성남-rtbs-001,신호등,동성교통 북쪽,37.342481,127.105788,2022.10.19,성남-rtbs-001-03.jpeg,
4,경기도,성남시 분당구,구미동,성남-rtbs-002,가로등,노블빌리지1 오피스텔 101동 맞은편,37.338276,127.112034,2022.10.19,성남-rtbs-002-01.jpeg,
5,경기도,성남시 분당구,구미동,성남-rtbs-003,가로등,한라스위트빌라 A동 맞은편,37.343371,127.109198,2022.10.19,성남-rtbs-003-01.jpeg,
6,경기도,성남시 중원구,하대원동,성남-rtbs-005,CCTV,금호자동차공업사 앞,37.428297,127.133615,2022.10.20,성남-rtbs-005-01.jpeg,
7,경기도,성남시 중원구,하대원동,성남-rtbs-005,가로등,금호자동차공업사 앞,37.428293,127.133589,2022.10.20,성남-rtbs-005-02.jpeg,
8,경기도,성남시 중원구,하대원동,성남-rtbs-005,가로수,금호자동차공업사 앞,37.428286,127.133561,2022.10.20,성남-rtbs-005-03.jpeg,
9,경기도,성남시 중원구,하대원동,성남-rtbs-005,점멸기,금호자동차공업사 앞,37.428281,127.133516,2022.10.20,성남-rtbs-005-04.jpeg,
10,경기도,성남시 중원구,금광동,성남-rtbs-006,방범카메라,신구대다문화가족지원센터 앞,37.44733,127.169607,2022.10.17,성남-rtbs-006-01.jpeg,
11,경기도,성남시 중원구,금광동,성남-rtbs-006,전봇대,신구대다문화가족지원센터 앞,37.447328,127.169596,2022.10.17,성남-rtbs-006-02.jpeg,
12,경기도,성남시 중원구,금광동,성남-rtbs-006,가로수,신구대다문화가족지원센터 앞,37.447321,127.169585,2022.10.17,성남-rtbs-006-03.jpeg,
13,경기도,성남시 중원구,금광동,성남-rtbs-006,그늘막,신구대다문화가족지원센터 앞,37.447306,127.16957,2022.10.17,성남-rtbs-006-04.jpeg,
14,경기도,성남시 분당구,구미동,성남-rtbs-007,표지판,미금로,37.341926,127.116321,2022.10.20,성남-rtbs-007-01.jpeg,
15,경기도,성남시 분당구,구미동,성남-rtbs-007,가로등,미금로,37.341975,127.116314,2022.10.20,성남-rtbs-007-02.jpeg,
16,경기도,성남시 분당구,구미동,성남-rtbs-007,신호등,하얀마을 그랜드빌 210동 맞은편,37.342011,127.116348,2022.10.20,성남-rtbs-007-03.jpeg,
17,경기도,성남시 분당구,구미동,성남-rtbs-007,그늘막,하얀마을 그랜드빌 211동 맞은편,37.342029,127.116365,2022.10.20,성남-rtbs-007-04.jpeg,
18,경기도,성남시 분당구,구미동,성남-rtbs-008,안전울타리,SK공식대리점앞,37.349853,127.108547,2022.10.17,성남-rtbs-008-01.jpeg,
19,경기도,성남시 분당구,구미동,성남-rtbs-008,CCTV,SK공식대리점앞,37.349826,127.108621,2022.10.17,성남-rtbs-008-02.jpeg,
20,경기도,성남시 분당구,구미동,성남-rtbs-008,신호등,SK공식대리점앞,37.349791,127.108637,2022.10.17,성남-rtbs-008-03.jpeg,
21,경기도,성남시 분당구,구미동,성남-rtbs-008,제어기,SK공식대리점앞,37.349819,127.108617,2022.10.17,성남-rtbs-008-04.jpeg,
22,경기도,성남시 분당구,구미동,성남-rtbs-009,신호등,우리은행 앞,37.335731,127.109192,2022.10.19,성남-rtbs-009-01.jpeg,
23,경기도,성남시 분당구,구미동,성남-rtbs-009,가로등,우리은행 앞,37.335751,127.109201,2022.10.19,성남-rtbs-009-02.jpeg,
24,경기도,성남시 분당구,구미동,성남-rtbs-010,가로등,분당2영업소 앞,37.339853,127.104834,2022.10.19,성남-rtbs-010-01.jpeg,
25,경기도,성남시 분당구,구미동,성남-rtbs-010,신호등,분당2영업소 앞,37.339853,127.104783,2022.10.19,성남-rtbs-010-02.jpeg,
26,경기도,성남시 분당구,구미동,성남-rtbs-013,신호등,무지개로,37.333977,127.117781,2022.10.20,성남-rtbs-013-01.jpeg,
27,경기도,성남시 분당구,구미동,성남-rtbs-013,가로등,무지개로,37.333955,127.117831,2022.10.20,성남-rtbs-013-02.jpeg,
28,경기도,성남시 분당구,구미동,성남-rtbs-013,신호등,미금로,37.333927,127.117859,2022.10.20,성남-rtbs-013-03.jpeg,
29,경기도,성남시 분당구,구미동,성남-rtbs-014,가로등,생활맥주 앞,37.338262,127.110502,2022.10.19,성남-rtbs-014-01.jpeg,
30,경기도,성남시 분당구,구미동,성남-rtbs-014,신호제어기,생활맥주 앞,37.338262,127.110471,2022.10.19,성남-rtbs-014-02.jpeg,
31,경기도,성남시 분당구,구미동,성남-rtbs-014,신호등,생활맥주 앞,37.338275,127.110429,2022.10.19,성남-rtbs-014-03.jpeg,
32,경기도,성남시 분당구,구미동,성남-rtbs-016,신호등,분당앤스퀘어 앞,37.339861,127.106103,2022.10.19,성남-rtbs-016-01.jpeg,
33,경기도,성남시 분당구,구미동,성남-rtbs-017,CCTV,하얀마을 사거리,37.346334,127.115886,2022.10.19,성남-rtbs-017-01.jpeg,
34,경기도,성남시 분당구,구미동,성남-rtbs-020,CCTV,불곡중학교,37.346693,127.119921,2022.10.21,성남-rtbs-020-01.jpeg,
35,경기도,성남시 분당구,구미동,성남-rtbs-020,신호등,불곡중학교,37.346677,127.119892,2022.10.21,성남-rtbs-020-02.jpeg,
36,경기도,성남시 분당구,구미동,성남-rtbs-021,신호등,우방도무스빌라 맞은편,37.344981,127.124423,2022.10.21,성남-rtbs-021-01.jpeg,
37,경기도,성남시 분당구,구미동,성남-rtbs-021,반사경,우방도무스빌라 맞은편,37.344981,127.124423,2022.10.21,성남-rtbs-021-02.jpeg,
38,경기도,성남시 분당구,구미동,성남-rtbs-023,신호제어기,우리생활나눔 앞,37.336741,127.116826,2022.10.20,성남-rtbs-023-01.jpeg,
39,경기도,성남시 분당구,구미동,성남-rtbs-024,가로수,구미초등학교 옆,37.337901,127.119139,2022.10.20,성남-rtbs-024-01.jpeg,
40,경기도,성남시 분당구,구미동,성남-rtbs-024,가로등,구미초등학교 옆,37.337938,127.119139,2022.10.20,성남-rtbs-024-02.jpeg,
41,경기도,성남시 분당구,구미동,성남-rtbs-024,신호등,구미초등학교 옆,37.338024,127.119164,2022.10.20,성남-rtbs-024-03.jpeg,
42,경기도,성남시 수정구,태평동,성남-rtbs-026,신호등,카스광장,37.442372,127.131013,2022.10.18,성남-rtbs-026-01.jpeg,
43,경기도,성남시 수정구,태평동,성남-rtbs-026,전신주,카스광장,37.442367,127.131018,2022.10.18,성남-rtbs-026-02.jpeg,
44,경기도,성남시 분당구,구미동,성남-rtbs-027,표지판,빌라드와이107동,37.342551,127.124775,2022.10.21,성남-rtbs-027-01.jpeg,
45,경기도,성남시 분당구,구미동,성남-rtbs-027,가로수,빌라드와이108동,37.342557,127.124783,2022.10.21,성남-rtbs-027-02.jpeg,
46,경기도,성남시 분당구,구미동,성남-rtbs-027,신호등,빌라드와이109동,37.342571,127.124801,2022.10.21,성남-rtbs-027-03.jpeg,
47,경기도,성남시 중원구,하대원동,성남-rtbs-028,전봇대,쌍용자동차 부품대리점 중원상사 앞,37.431092,127.151124,2022.10.27,성남-rtbs-028-01.jpeg,
48,경기도,성남시 중원구,하대원동,성남-rtbs-028,가로수,쌍용자동차 부품대리점 중원상사 앞,37.431071,127.151133,2022.10.27,성남-rtbs-028-02.jpeg,
49,경기도,성남시 중원구,하대원동,성남-rtbs-028,신호등,쌍용자동차 부품대리점 중원상사 앞,37.431065,127.151131,2022.10.27,성남-rtbs-028-03.jpeg,
50,경기도,성남시 분당구,궁내동,성남-rtbs-029,CCTV,궁내로 40번길,37.370378,127.101435,2022.10.20,성남-rtbs-029-01.jpeg,
51,경기도,성남시 분당구,궁내동,성남-rtbs-029,전신주,궁내로 41번길,37.370381,127.101451,2022.10.20,성남-rtbs-029-02.jpeg,
52,경기도,성남시 분당구,궁내동,성남-rtbs-029,전봇대,궁내로 42번길,37.370369,127.101461,2022.10.20,성남-rtbs-029-03.jpeg,
53,경기도,성남시 분당구,궁내동,성남-rtbs-029,기둥,궁내로 43번길,37.370387,127.101457,2022.10.20,성남-rtbs-029-04.jpeg,
54,경기도,성남시 분당구,궁내동,성남-rtbs-029,기둥,궁내로 44번길,37.370376,127.101481,2022.10.20,성남-rtbs-029-05.jpeg,
55,경기도,성남시 분당구,궁내동,성남-rtbs-030,가로수,세븐일레븐 앞,37.363253,127.101368,2022.10.20,성남-rtbs-030-01.jpeg,
56,경기도,성남시 분당구,궁내동,성남-rtbs-030,가로등,세븐일레븐 앞,37.363224,127.101371,2022.10.20,성남-rtbs-030-02.jpeg,
57,경기도,성남시 분당구,궁내동,성남-rtbs-030,신호등,세븐일레븐 앞,37.363204,127.101368,2022.10.20,성남-rtbs-030-03.jpeg,
58,경기도,성남시 분당구,궁내동,성남-rtbs-030,음식물쓰레기통,세븐일레븐 부근,37.363064,127.101361,2022.10.20,성남-rtbs-030-04.jpeg,
59,경기도,성남시 분당구,구미동,성남-rtbs-031,표지판,파리바게트 앞,37.349848,127.109207,2022.10.17,성남-rtbs-031-01.jpeg,
60,경기도,성남시 분당구,구미동,성남-rtbs-031,신호등,파리바게트 앞,37.349831,127.109185,2022.10.17,성남-rtbs-031-02.jpeg,
61,경기도,성남시 분당구,금곡동,성남-rtbs-032,보안등,송명환치과의원 앞,37.352538,127.105941,2022.10.18,성남-rtbs-032-01.jpeg,
62,경기도,성남시 분당구,금곡동,성남-rtbs-032,고전압기,송명환치과의원 앞,37.352538,127.105941,2022.10.18,성남-rtbs-032-02.jpeg,
63,경기도,성남시 분당구,금곡동,성남-rtbs-033,보안등,청솔마을성원상떼빌 708동 옆,37.353182,127.109156,2022.10.18,성남-rtbs-033-01.jpeg,
64,경기도,성남시 분당구,금곡동,성남-rtbs-033,이정표,청솔마을성원상떼빌 708동 옆,37.353195,127.109158,2022.10.18,성남-rtbs-033-02.jpeg,
65,경기도,성남시 분당구,금곡동,성남-rtbs-033,표지판,청솔마을성원상떼빌 708동 옆,37.353213,127.109184,2022.10.18,성남-rtbs-033-03.jpeg,
66,경기도,성남시 분당구,금곡동,성남-rtbs-036,안전울타리,KT텔레콤앞,37.350215,127.109219,2022.10.17,성남-rtbs-036-01.jpeg,
67,경기도,성남시 분당구,금곡동,성남-rtbs-038,우체통,GS25앞,37.351218,127.109158,2022.10.17,성남-rtbs-038-01.jpeg,
68,경기도,성남시 분당구,금곡동,성남-rtbs-038,가로등,GS25앞,37.351218,127.109158,2022.10.17,성남-rtbs-038-02.jpeg,
69,경기도,성남시 분당구,금곡동,성남-rtbs-038,이정표,GS25앞,37.351269,127.109171,2022.10.17,성남-rtbs-038-03.jpeg,
70,경기도,성남시 분당구,금곡동,성남-rtbs-039,신호등,분당경영고등학교,37.356462,127.108794,2022.10.18,성남-rtbs-039-01.jpeg,
71,경기도,성남시 분당구,금곡동,성남-rtbs-039,선차일,분당경영고등학교,37.356481,127.108813,2022.10.18,성남-rtbs-039-02.jpeg,
72,경기도,성남시 분당구,금곡동,성남-rtbs-039,제어기,분당경영고등학교,37.356484,127.108822,2022.10.18,성남-rtbs-039-03.jpeg,
73,경기도,성남시 분당구,금곡동,성남-rtbs-040,신호등,청솔중학교 앞,37.356499,127.110244,2022.10.18,성남-rtbs-040-01.jpeg,
74,경기도,성남시 분당구,금곡동,성남-rtbs-040,가로수,청솔중학교 앞,37.356499,127.110264,2022.10.18,성남-rtbs-040-02.jpeg,
75,경기도,성남시 분당구,금곡동,성남-rtbs-040,보안등,청솔중학교 앞,37.356499,127.110275,2022.10.18,성남-rtbs-040-03.jpeg,
76,경기도,성남시 분당구,금곡동,성남-rtbs-041,신호등,청솔초등학교 앞,37.354371,127.114702,2022.10.18,성남-rtbs-041-01.jpeg,
77,경기도,성남시 분당구,금곡동,성남-rtbs-042,CCTV,청솔아파트 앞,37.355485,127.112689,2022.10.18,성남-rtbs-042-01.jpeg,
78,경기도,성남시 분당구,금곡동,성남-rtbs-042,신호등,청솔아파트 앞,37.355485,127.112689,2022.10.18,성남-rtbs-042-02.jpeg,
79,경기도,성남시 분당구,대장동,성남-rtbs-044,신호등,대장동 317-13,37.361761,127.067637,2022.10.21,성남-rtbs-044-01.jpeg,
80,경기도,성남시 분당구,대장동,성남-rtbs-044,신호등,대장동 317-13,37.361771,127.067629,2022.10.21,성남-rtbs-044-02.jpeg,
81,경기도,성남시 중원구,중앙동,성남-rtbs-045,전신주,가로수 좌측,37.441762,127.15303,2022.10.19,성남-rtbs-045-01.jpeg,
82,경기도,성남시 중원구,중앙동,성남-rtbs-045,가로수,신호등 좌측,37.441766,127.153041,2022.10.19,성남-rtbs-045-02.jpeg,
83,경기도,성남시 중원구,중앙동,성남-rtbs-045,신호등,명성부동산 앞,37.441775,127.153058,2022.10.19,성남-rtbs-045-03.jpeg,
84,경기도,성남시 분당구,동원동,성남-rtbs-046,신호등,주차장 앞,37.344642,127.101448,2022.10.21,성남-rtbs-046-01.jpeg,
85,경기도,성남시 분당구,동원동,성남-rtbs-046,그늘막,주차장 앞,37.344624,127.101445,2022.10.21,성남-rtbs-046-02.jpeg,
86,경기도,성남시 중원구,하대원동,성남-rtbs-047,울타리,태림부동산 앞,37.428041,127.144653,2022.10.24,성남-rtbs-047-01.jpeg,
87,경기도,성남시 중원구,하대원동,성남-rtbs-047,교통신호제어기,태림부동산 앞,37.428037,127.144698,2022.10.24,성남-rtbs-047-02.jpeg,
88,경기도,성남시 중원구,하대원동,성남-rtbs-047,전봇대,태림부동산 앞,37.428031,127.144706,2022.10.24,성남-rtbs-047-03.jpeg,
89,경기도,성남시 분당구,백현동,성남-rtbs-048,가로등,판교역 사거리,37.393616,127.112692,2022.10.18,성남-rtbs-048-01.jpeg,
90,경기도,성남시 중원구,하대원동,성남-rtbs-049,전봇대,CU 성남하대원희망점 앞,37.430655,127.151519,2022.10.27,성남-rtbs-049-01.jpeg,
91,경기도,성남시 중원구,하대원동,성남-rtbs-049,도로반사경,CU 성남하대원희망점 앞,37.430666,127.151522,2022.10.27,성남-rtbs-049-02.jpeg,
92,경기도,성남시 분당구,백현동,성남-rtbs-051,가로등,판교종합동물병원 앞,37.392105,127.117156,2022.10.18,성남-rtbs-051-01.jpeg,
93,경기도,성남시 분당구,백현동,성남-rtbs-051,신호등,판교종합동물병원 앞,37.392105,127.117142,2022.10.18,성남-rtbs-051-02.jpeg,
94,경기도,성남시 분당구,백현동,성남-rtbs-051,신호등,판교종합동물병원 앞,37.392135,127.117103,2022.10.18,성남-rtbs-051-03.jpeg,
95,경기도,성남시 분당구,백현동,성남-rtbs-053,신호등,백현마을9단지 902동 앞,37.386091,127.108283,2022.10.18,성남-rtbs-053-01.jpeg,
96,경기도,성남시 분당구,백현동,성남-rtbs-054,입간판,판교어린이도서관 주차장 앞,37.386915,127.108298,2022.10.18,성남-rtbs-054-01.jpeg,
97,경기도,성남시 분당구,백현동,성남-rtbs-055,가로수,백현마을 801동 앞,37.387255,127.108568,2022.10.20,성남-rtbs-055-01.jpeg,
98,경기도,성남시 분당구,백현동,성남-rtbs-055,신호등,백현마을 801동 앞,37.387282,127.108568,2022.10.20,성남-rtbs-055-02.jpeg,
99,경기도,성남시 분당구,백현동,성남-rtbs-056,신호등,보평중학교,37.393399,127.116622,2022.10.18,성남-rtbs-056-01.jpeg,
100,경기도,성남시 분당구,백현동,성남-rtbs-056,가로등,보평중학교,37.393367,127.116619,2022.10.18,성남-rtbs-056-02.jpeg,
101,경기도,성남시 분당구,백현동,성남-rtbs-056,가로수,보평중학교,37.393354,127.116619,2022.10.18,성남-rtbs-056-03.jpeg,
102,경기도,성남시 분당구,백현동,성남-rtbs-057,신호등,백현마을 804동 앞,37.387816,127.111003,2022.10.20,성남-rtbs-057-01.jpeg,
103,경기도,성남시 분당구,백현동,성남-rtbs-059,신호등,스마트크린24 백현점,37.390671,127.116669,2022.10.18,성남-rtbs-059-01.jpeg,
104,경기도,성남시 분당구,백현동,성남-rtbs-059,신호등,스마트크린24 백현점,37.390653,127.116671,2022.10.18,성남-rtbs-059-02.jpeg,
105,경기도,성남시 분당구,백현동,성남-rtbs-061,신호등,판교역로 18 동쪽,37.383845,127.110648,2022.10.18,성남-rtbs-061-01.jpeg,
106,경기도,성남시 분당구,백현동,성남-rtbs-062,전신주,플레이타이어 분당직영점 앞,37.378217,127.101753,2022.10.20,성남-rtbs-062-01.jpeg,
107,경기도,성남시 분당구,백현동,성남-rtbs-062,전봇대,플레이타이어 분당직영점 앞,37.378214,127.101772,2022.10.20,성남-rtbs-062-02.jpeg,
108,경기도,성남시 분당구,백현동,성남-rtbs-062,가로등,플레이타이어 분당직영점 앞,37.378208,127.101792,2022.10.20,성남-rtbs-062-03.jpeg,
109,경기도,성남시 분당구,백현동,성남-rtbs-064,가로등,나이스프라자 앞,37.387998,127.115281,2022.10.20,성남-rtbs-064-01.jpeg,
110,경기도,성남시 분당구,백현동,성남-rtbs-064,신호등,나이스프라자 앞,37.387992,127.115294,2022.10.20,성남-rtbs-064-02.jpeg,
111,경기도,성남시 분당구,백현동,성남-rtbs-065,가로등,보물섬 어린이공원 앞 교통섬,37.383952,127.113624,2022.10.19,성남-rtbs-065-01.jpeg,
112,경기도,성남시 분당구,백현동,성남-rtbs-065,신호등,보물섬 어린이공원 앞 교통섬,37.383966,127.113621,2022.10.19,성남-rtbs-065-02.jpeg,
113,경기도,성남시 분당구,백현동,성남-rtbs-065,신호등,보물섬 어린이공원 앞 교통섬,37.384056,127.113581,2022.10.19,성남-rtbs-065-03.jpeg,
114,경기도,성남시 분당구,백현동,성남-rtbs-065,전봇대,보물섬 어린이공원 앞 교통섬,37.384069,127.113579,2022.10.19,성남-rtbs-065-04.jpeg,
115,경기도,성남시 분당구,수내동,성남-rtbs-067,가로등,샛별중학교 맞은편,37.369165,127.128466,2022.10.17,성남-rtbs-067-01.jpeg,
116,경기도,성남시 분당구,수내동,성남-rtbs-067,신호등,샛별중학교 맞은편,37.369106,127.128495,2022.10.17,성남-rtbs-067-02.jpeg,
117,경기도,성남시 분당구,서현동,성남-rtbs-068,가로등,효자촌삼환아파트 503동 앞,37.373548,127.132751,2022.10.18,성남-rtbs-068-01.jpeg,
118,경기도,성남시 분당구,서현동,성남-rtbs-068,신호등,효자촌삼환아파트 503동 앞,37.373575,127.132722,2022.10.18,성남-rtbs-068-02.jpeg,
119,경기도,성남시 분당구,분당동,성남-rtbs-069,신호등,샛별마을라이프아파트 103동 앞,37.375101,127.130323,2022.10.18,성남-rtbs-069-01.jpeg,
120,경기도,성남시 분당구,분당동,성남-rtbs-069,CCTV,샛별마을라이프아파트 103동 앞,37.375112,127.130365,2022.10.18,성남-rtbs-069-02.jpeg,
121,경기도,성남시 분당구,분당동,성남-rtbs-070,수목,장안중학교 동북쪽 맞은편,37.370871,127.147405,2022.10.18,성남-rtbs-070-01.jpeg,
122,경기도,성남시 수정구,태평동,성남-rtbs-071,전봇대,영보당 앞,37.442952,127.135893,2022.10.24,성남-rtbs-071-01.jpeg,
123,경기도,성남시 분당구,분당동,성남-rtbs-073,신호등,이마트24 분당광명점 앞,37.366331,127.141876,2022.10.18,성남-rtbs-073-01.jpeg,
124,경기도,성남시 분당구,분당동,성남-rtbs-073,가로수,이마트24 분당광명점 앞,37.366313,127.141907,2022.10.18,성남-rtbs-073-02.jpeg,
125,경기도,성남시 분당구,분당동,성남-rtbs-074,가로수,라이프아파트 상가동 앞,37.374376,127.131213,2022.10.18,성남-rtbs-074-01.jpeg,
126,경기도,성남시 분당구,삼평동,성남-rtbs-075,신호등,안랩 건물 앞,37.399964,127.110037,2022.10.18,성남-rtbs-075-01.jpeg,
127,경기도,성남시 분당구,삼평동,성남-rtbs-075,제어기,안랩 건물 앞,37.399962,127.109994,2022.10.18,성남-rtbs-075-02.jpeg,
128,경기도,성남시 분당구,삼평동,성남-rtbs-075,그늘막,안랩 건물 앞,37.399994,127.109938,2022.10.18,성남-rtbs-075-03.jpeg,
129,경기도,성남시 분당구,삼평동,성남-rtbs-076,신호등,쉐보레 건물 앞,37.399758,127.116544,2022.10.18,성남-rtbs-076-01.jpeg,
130,경기도,성남시 분당구,삼평동,성남-rtbs-076,신호등,쉐보레 건물 앞,37.399733,127.116587,2022.10.18,성남-rtbs-076-02.jpeg,
131,경기도,성남시 중원구,하대원동,성남-rtbs-077,가로등,성남동물병원 앞,37.428509,127.144843,2022.10.24,성남-rtbs-077-01.jpeg,
132,경기도,성남시 중원구,하대원동,성남-rtbs-077,가로수,성남동물병원 앞,37.428505,127.144829,2022.10.24,성남-rtbs-077-02.jpeg,
133,경기도,성남시 중원구,하대원동,성남-rtbs-077,신호등,성남동물병원 앞,37.428498,127.144806,2022.10.24,성남-rtbs-077-03.jpeg,
134,경기도,성남시 분당구,삼평동,성남-rtbs-078,신호등,DTC타워 앞,37.400061,127.112679,2022.10.18,성남-rtbs-078-01.jpeg,
135,경기도,성남시 분당구,삼평동,성남-rtbs-078,신호등,DTC타워 앞,37.399987,127.112671,2022.10.18,성남-rtbs-078-02.jpeg,
136,경기도,성남시 분당구,삼평동,성남-rtbs-078,신호등,DTC타워 앞,37.399989,127.112662,2022.10.18,성남-rtbs-078-03.jpeg,
137,경기도,성남시 분당구,삼평동,성남-rtbs-079,가로등,봇들마을2단지 상가 앞,37.405538,127.118651,2022.10.18,성남-rtbs-079-01.jpeg,
138,경기도,성남시 분당구,이매동,성남-rtbs-080,가로등,이매고등학교 남서쪽,37.391467,127.120583,2022.10.18,성남-rtbs-080-01.jpeg,
139,경기도,성남시 분당구,이매동,성남-rtbs-080,신호등,이매고등학교 남서쪽,37.391481,127.120549,2022.10.18,성남-rtbs-080-02.jpeg,
140,경기도,성남시 중원구,하대원동,성남-rtbs-081,가로수,주원아파트 건너편,37.432273,127.150895,2022.10.27,성남-rtbs-081-01.jpeg,
141,경기도,성남시 분당구,삼평동,성남-rtbs-082,신호등,봇들마을707동 앞,37.396363,127.116596,2022.10.18,성남-rtbs-082-01.jpeg,
142,경기도,성남시 분당구,삼평동,성남-rtbs-082,신호등,봇들마을707동 앞,37.396351,127.116576,2022.10.18,성남-rtbs-082-02.jpeg,
143,경기도,성남시 분당구,삼평동,성남-rtbs-083,신호등,더세이브마트 앞,37.401469,127.117021,2022.10.20,성남-rtbs-083-01.jpeg,
144,경기도,성남시 분당구,삼평동,성남-rtbs-084,가로수,판교고등학교 진입방면,37.405421,127.115342,2022.10.18,성남-rtbs-084-01.jpeg,
145,경기도,성남시 분당구,삼평동,성남-rtbs-084,속도제한표지판,판교고등학교 진입방면,37.405404,127.115345,2022.10.18,성남-rtbs-084-02.jpeg,
146,경기도,성남시 분당구,삼평동,성남-rtbs-084,가로등,판교고등학교 진입방면,37.405386,127.115347,2022.10.18,성남-rtbs-084-03.jpeg,
147,경기도,성남시 분당구,삼평동,성남-rtbs-084,신호등,판교고등학교 진입방면,37.405368,127.115351,2022.10.18,성남-rtbs-084-04.jpeg,
148,경기도,성남시 분당구,삼평동,성남-rtbs-084,신호등,판교고등학교 진입방면,37.405253,127.115371,2022.10.18,성남-rtbs-084-05.jpeg,
149,경기도,성남시 중원구,중앙동,성남-rtbs-085,신호등,신흥역 하늘채 랜더스원 1단지 앞,37.438327,127.145521,2022.10.25,성남-rtbs-085-01.jpeg,
150,경기도,성남시 중원구,중앙동,성남-rtbs-085,바닥형 보행신호등 보조장치,신흥역 하늘채 랜더스원 1단지 앞,37.438395,127.14555,2022.10.25,성남-rtbs-085-02.jpeg,
151,경기도,성남시 중원구,중앙동,성남-rtbs-085,가로등,신흥역 하늘채 랜더스원 1단지 앞,37.438413,127.145509,2022.10.25,성남-rtbs-085-03.jpeg,
152,경기도,성남시 분당구,삼평동,성남-rtbs-086,조형물,봇들마을1단지 상가앞,37.406746,127.115301,2022.10.18,성남-rtbs-086-01.jpeg,
153,경기도,성남시 분당구,삼평동,성남-rtbs-086,신호등,봇들마을1단지 상가앞,37.406742,127.115299,2022.10.18,성남-rtbs-086-02.jpeg,
154,경기도,성남시 중원구,중앙동,성남-rtbs-088,신호등,중앙동롯데캐슬아파트 105동 입구 우측,37.442232,127.15891,2022.10.17,성남-rtbs-088-01.jpeg,
155,경기도,성남시 분당구,삼평동,성남-rtbs-089,신호등,삼성화재 앞,37.397644,127.109912,2022.10.20,성남-rtbs-089-01.jpeg,
156,경기도,성남시 분당구,삼평동,성남-rtbs-090,CCTV,메디피움의원 앞,37.398241,127.112667,2022.10.20,성남-rtbs-090-01.jpeg,
157,경기도,성남시 분당구,삼평동,성남-rtbs-090,가로등,메디피움의원 앞,37.398231,127.112684,2022.10.20,성남-rtbs-090-02.jpeg,
158,경기도,성남시 분당구,삼평동,성남-rtbs-090,신호등,메디피움의원 앞,37.398205,127.112695,2022.10.20,성남-rtbs-090-03.jpeg,
159,경기도,성남시 분당구,삼평동,성남-rtbs-093,게시대,HLB바이오 건물 앞,37.401604,127.100419,2022.10.18,성남-rtbs-093-01.jpeg,
160,경기도,성남시 분당구,삼평동,성남-rtbs-093,신호등,HLB바이오 건물 앞,37.401658,127.100383,2022.10.18,성남-rtbs-093-02.jpeg,
161,경기도,성남시 분당구,삼평동,성남-rtbs-094,가로등,SK디스커버리 건물 앞,37.402991,127.109855,2022.10.18,성남-rtbs-094-01.jpeg,
162,경기도,성남시 분당구,삼평동,성남-rtbs-094,신호등,SK디스커버리 건물 앞,37.403003,127.109857,2022.10.18,성남-rtbs-094-02.jpeg,
163,경기도,성남시 분당구,삼평동,성남-rtbs-094,신호등,SK디스커버리 건물 앞,37.403035,127.109937,2022.10.18,성남-rtbs-094-03.jpeg,
164,경기도,성남시 분당구,삼평동,성남-rtbs-095,신호등,포스코ICT건물 앞,37.403406,127.102681,2022.10.18,성남-rtbs-095-01.jpeg,
165,경기도,성남시 분당구,삼평동,성남-rtbs-096,신호등,삼양 디스커버리센터 건물 앞,37.403851,127.106572,2022.10.18,성남-rtbs-096-01.jpeg,
166,경기도,성남시 분당구,삼평동,성남-rtbs-097,가로등,NS홈쇼핑 별관 앞,37.400012,127.102422,2022.10.18,성남-rtbs-097-01.jpeg,
167,경기도,성남시 분당구,삼평동,성남-rtbs-097,신호등,NS홈쇼핑 별관 앞,37.399989,127.102391,2022.10.18,성남-rtbs-097-02.jpeg,
168,경기도,성남시 분당구,삼평동,성남-rtbs-098,가로등,SK텔레콤 맞은편,37.402967,127.102355,2022.10.20,성남-rtbs-098-01.jpeg,
169,경기도,성남시 분당구,삼평동,성남-rtbs-098,표지판,SK텔레콤 맞은편,37.402967,127.102347,2022.10.20,성남-rtbs-098-02.jpeg,
170,경기도,성남시 분당구,삼평동,성남-rtbs-099,신호등,판교테크노밸리 우편취급국 건물 앞,37.403542,127.099038,2022.10.18,성남-rtbs-099-01.jpeg,
171,경기도,성남시 분당구,삼평동,성남-rtbs-099,신호등,판교테크노밸리 우편취급국 건물 앞,37.403544,127.099081,2022.10.18,성남-rtbs-099-02.jpeg,
172,경기도,성남시 분당구,서현동,성남-rtbs-101,CCTV,시범단지삼성한신아파트 132동 앞,37.381102,127.129435,2022.10.18,성남-rtbs-101-01.jpeg,
173,경기도,성남시 분당구,서현동,성남-rtbs-101,가로등,시범단지삼성한신아파트 132동 앞,37.381102,127.129452,2022.10.18,성남-rtbs-101-02.jpeg,
174,경기도,성남시 분당구,서현동,성남-rtbs-102,제어기,맥도날드 앞,37.374094,127.136132,2022.10.18,성남-rtbs-102-01.jpeg,
175,경기도,성남시 분당구,서현동,성남-rtbs-102,CCTV,맥도날드 앞,37.374071,127.136138,2022.10.18,성남-rtbs-102-02.jpeg,
176,경기도,성남시 분당구,서현동,성남-rtbs-103,신호등,분당중앙교회체육관 앞,37.376361,127.139247,2022.10.18,성남-rtbs-103-01.jpeg,
177,경기도,성남시 분당구,서현동,성남-rtbs-103,가로등,분당중앙교회체육관 앞,37.376356,127.139255,2022.10.18,성남-rtbs-103-02.jpeg,
178,경기도,성남시 분당구,서현동,성남-rtbs-104,거울,삼환아파트507동 불정로 방향,37.373246,127.135024,2022.10.18,성남-rtbs-104-01.jpeg,
179,경기도,성남시 분당구,서현동,성남-rtbs-104,신호등,삼환아파트508동 불정로 방향,37.373248,127.135002,2022.10.18,성남-rtbs-104-02.jpeg,
180,경기도,성남시 중원구,은행동,성남-rtbs-105,신호등,푸른의원,37.45671,127.166554,2022.10.18,성남-rtbs-105-01.jpeg,
181,경기도,성남시 중원구,은행동,성남-rtbs-105,에어바이블,푸른의원,37.45673,127.166526,2022.10.18,성남-rtbs-105-02.jpeg,
182,경기도,성남시 분당구,서현동,성남-rtbs-106,기둥,효자촌대명 106동 앞,37.374467,127.141991,2022.10.18,성남-rtbs-106-01.jpeg,
183,경기도,성남시 분당구,서현동,성남-rtbs-106,가로등,효자촌대명 106동 앞,37.374447,127.142041,2022.10.18,성남-rtbs-106-02.jpeg,
184,경기도,성남시 분당구,분당동,성남-rtbs-107,신호등,분당남부교회 맞은편,37.372921,127.141798,2022.10.18,성남-rtbs-107-01.jpeg,
185,경기도,성남시 분당구,서현동,성남-rtbs-108,신호등,알프스부동산앞,37.370323,127.137997,2022.10.18,성남-rtbs-108-01.jpeg,
186,경기도,성남시 분당구,서현동,성남-rtbs-110,가로수,분당세무서 앞,37.385403,127.118453,2022.10.19,성남-rtbs-110-01.jpeg,
187,경기도,성남시 분당구,서현동,성남-rtbs-110,신호등,분당세무서 앞,37.385416,127.118442,2022.10.19,성남-rtbs-110-02.jpeg,
188,경기도,성남시 분당구,서현동,성남-rtbs-111,표지판,우성종합상가 맞은편,37.378454,127.133031,2022.10.18,성남-rtbs-111-01.jpeg,
189,경기도,성남시 분당구,서현동,성남-rtbs-111,가로수,우성종합상가 맞은편,37.378433,127.133021,2022.10.18,성남-rtbs-111-02.jpeg,
190,경기도,성남시 분당구,서현동,성남-rtbs-111,신호등,우성종합상가 맞은편,37.378415,127.132999,2022.10.18,성남-rtbs-111-03.jpeg,
191,경기도,성남시 수정구,태평동,성남-rtbs-112,가로수,태평중학교 앞,37.446136,127.129259,2022.10.18,성남-rtbs-112-01.jpeg,
192,경기도,성남시 중원구,은행동,성남-rtbs-113,신호등,현대중앙의원 앞,37.457557,127.164993,2022.10.18,성남-rtbs-113-01.jpeg,
193,경기도,성남시 중원구,은행동,성남-rtbs-113,가로등,현대중앙의원 앞,37.457552,127.165013,2022.10.18,성남-rtbs-113-02.jpeg,
194,경기도,성남시 중원구,성남동,성남-rtbs-114,가로등,고향마트 앞,37.434491,127.137934,2022.10.18,성남-rtbs-114-01.jpeg,
195,경기도,성남시 중원구,성남동,성남-rtbs-114,가로수,가로등 좌측,37.434487,127.137908,2022.10.18,성남-rtbs-114-02.jpeg,
196,경기도,성남시 분당구,야탑동,성남-rtbs-115,가로수,포천중문의대분당캠퍼스 앞,37.409876,127.143488,2022.11.9,성남-rtbs-115-01.jpeg,
197,경기도,성남시 분당구,서현동,성남-rtbs-117,신호등,서현동 먹자골목 입구,37.383954,127.130976,2022.10.18,성남-rtbs-117-01.jpeg,
198,경기도,성남시 분당구,서현동,성남-rtbs-117,이정표,서현동 먹자골목 입구,37.383931,127.130976,2022.10.18,성남-rtbs-117-02.jpeg,
199,경기도,성남시 분당구,서현동,성남-rtbs-118,표지판,공임나라 앞,37.376596,127.140187,2022.10.18,성남-rtbs-118-01.jpeg,
200,경기도,성남시 분당구,서현동,성남-rtbs-118,CCTV,공임나라 앞,37.376583,127.140176,2022.10.18,성남-rtbs-118-02.jpeg,
201,경기도,성남시 분당구,서현동,성남-rtbs-118,가로수,공임나라 앞,37.376598,127.140176,2022.10.18,성남-rtbs-118-03.jpeg,
202,경기도,성남시 분당구,서현동,성남-rtbs-119,간판,우성종합상가 앞,37.378353,127.132764,2022.10.18,성남-rtbs-119-01.jpeg,
203,경기도,성남시 분당구,서현동,성남-rtbs-119,간판,우성종합상가 앞,37.378328,127.132781,2022.10.18,성남-rtbs-119-02.jpeg,
204,경기도,성남시 중원구,여수동,성남-rtbs-120,가로등,마라서부 마라탕 앞,37.418681,127.125484,2022.10.19,성남-rtbs-120-01.jpeg,
205,경기도,성남시 중원구,여수동,성남-rtbs-120,신호등,마라서부 마라탕 앞,37.418681,127.125538,2022.10.19,성남-rtbs-120-02.jpeg,
206,경기도,성남시 분당구,서현동,성남-rtbs-123,신호등,솔밭 어린이공원 앞,37.384142,127.130485,2022.10.18,성남-rtbs-123-01.jpeg,
207,경기도,성남시 분당구,서현동,성남-rtbs-124,신호등,시범단지삼성한신아파트 133동 앞,37.381835,127.130492,2022.10.18,성남-rtbs-124-01.jpeg,
208,경기도,성남시 분당구,서현동,성남-rtbs-124,이정표,시범단지삼성한신아파트 133동 앞,37.381849,127.130487,2022.10.18,성남-rtbs-124-02.jpeg,
209,경기도,성남시 분당구,분당동,성남-rtbs-126,가로수,능골공원 북쪽 맞은편,37.371956,127.116716,2022.10.19,성남-rtbs-126-01.jpeg,
210,경기도,성남시 분당구,분당동,성남-rtbs-126,가로등,능골공원 북쪽 맞은편,37.371936,127.116682,2022.10.19,성남-rtbs-126-02.jpeg,
211,경기도,성남시 분당구,분당동,성남-rtbs-126,신호등,능골공원 북쪽 맞은편,37.371931,127.116673,2022.10.19,성남-rtbs-126-03.jpeg,
212,경기도,성남시 분당구,분당동,성남-rtbs-126,신호등,능골공원 북쪽 맞은편,37.371931,127.116648,2022.10.19,성남-rtbs-126-04.jpeg,
213,경기도,성남시 분당구,분당동,성남-rtbs-126,CCTV,능골공원 북쪽 맞은편,37.371936,127.116609,2022.10.19,성남-rtbs-126-05.jpeg,
214,경기도,성남시 분당구,수내동,성남-rtbs-127,가로수,현대오일뱅크 앞,37.367638,127.128074,2022.10.17,성남-rtbs-127-01.jpeg,
215,경기도,성남시 분당구,서현동,성남-rtbs-128,가로수,역말광장 앞,37.372285,127.125745,2022.10.19,성남-rtbs-128-01.jpeg,
216,경기도,성남시 분당구,서현동,성남-rtbs-128,가로등,역말광장 앞,37.372274,127.125711,2022.10.19,성남-rtbs-128-02.jpeg,
217,경기도,성남시 분당구,분당동,성남-rtbs-128,신호등,역말광장 앞,37.372265,127.125672,2022.10.19,성남-rtbs-128-03.jpeg,
218,경기도,성남시 분당구,서현동,성남-rtbs-129,신호등,수내중학교 앞,37.370268,127.127212,2022.10.19,성남-rtbs-129-01.jpeg,
219,경기도,성남시 중원구,은행동,성남-rtbs-132,신호등,쌀부잣집,37.454573,127.163975,2022.10.18,성남-rtbs-132-01.jpeg,
220,경기도,성남시 중원구,은행동,성남-rtbs-132,신호등,쌀부잣집,37.45456,127.164035,2022.10.18,성남-rtbs-132-02.jpeg,
221,경기도,성남시 분당구,수내동,성남-rtbs-133,가로등,펫토피아동물병원 앞,37.367011,127.127522,2022.10.17,성남-rtbs-133-01.jpeg,
222,경기도,성남시 분당구,수내동,성남-rtbs-133,신호등,펫토피아동물병원 앞,37.366999,127.127536,2022.10.17,성남-rtbs-133-02.jpeg,
223,경기도,성남시 분당구,야탑동,성남-rtbs-134,CCTV,목련마을 SK아파트 601동 좌측,37.405634,127.155167,2022.10.14,성남-rtbs-134-01.jpeg,
224,경기도,성남시 분당구,정자동,성남-rtbs-136,가로등,꿈과사랑의교회 맞은편,37.365223,127.124193,2022.10.17,성남-rtbs-136-01.jpeg,
225,경기도,성남시 분당구,수내동,성남-rtbs-137,가로등,경동빌딩,37.380591,127.117012,2022.10.18,성남-rtbs-137-01.jpeg,
226,경기도,성남시 분당구,수내동,성남-rtbs-137,가로수,경동빌딩,37.380577,127.116955,2022.10.18,성남-rtbs-137-02.jpeg,
227,경기도,성남시 중원구,은행동,성남-rtbs-138,신호등,홈스인테리어 맞으편,37.456043,127.167731,2022.10.18,성남-rtbs-138-01.jpeg,
228,경기도,성남시 분당구,수내동,성남-rtbs-139,가로수,코엔코이비인후과,37.377454,127.113608,2022.10.18,성남-rtbs-139-01.jpeg,
229,경기도,성남시 중원구,여수동,성남-rtbs-140,가로등,햇살유치원 건너편,37.418826,127.134941,2022.10.19,성남-rtbs-140-01.jpeg,
230,경기도,성남시 분당구,분당동,성남-rtbs-141,표지판,금산프라자 맞은편,37.370341,127.122113,2022.10.19,성남-rtbs-141-01.jpeg,
231,경기도,성남시 분당구,분당동,성남-rtbs-141,가로등,금산프라자 맞은편,37.370327,127.122124,2022.10.19,성남-rtbs-141-02.jpeg,
232,경기도,성남시 분당구,수내동,성남-rtbs-142,가로수,와인하우스 앞,37.379042,127.115824,2022.10.18,성남-rtbs-142-01.jpeg,
233,경기도,성남시 분당구,수내동,성남-rtbs-143,표지판,CU편의점 앞,37.378029,127.112655,2022.10.18,성남-rtbs-143-01.jpeg,
234,경기도,성남시 중원구,여수동,성남-rtbs-144,신호등,연꽃마을 401동 앞,37.418557,127.134049,2022.10.19,성남-rtbs-144-01.jpeg,
235,경기도,성남시 중원구,여수동,성남-rtbs-144,CCTV,연꽃마을 401동 앞,37.418638,127.134058,2022.10.19,성남-rtbs-144-02.jpeg,
236,경기도,성남시 분당구,야탑동,성남-rtbs-146,그늘막,성남금융고등학교 앞,37.413231,127.138544,2022.10.14,성남-rtbs-146-01.jpeg,
237,경기도,성남시 분당구,야탑동,성남-rtbs-146,신호등,성남금융고등학교 앞,37.413227,127.13855,2022.10.14,성남-rtbs-146-02.jpeg,
238,경기도,성남시 분당구,야탑동,성남-rtbs-146,배전함,성남금융고등학교 앞,37.413297,127.138587,2022.10.14,성남-rtbs-146-03.jpeg,
239,경기도,성남시 분당구,야탑동,성남-rtbs-146,가로등,성남금융고등학교 앞,37.413281,127.138578,2022.10.14,성남-rtbs-146-04.jpeg,
240,경기도,성남시 분당구,백현동,성남-rtbs-147,가로등,우리들교회 앞,37.381961,127.101879,2022.10.20,성남-rtbs-147-01.jpeg,
241,경기도,성남시 분당구,야탑동,성남-rtbs-148,배전반,야탑3동행정복지센터 남쪽 맞은편,37.410592,127.137983,2022.10.14,성남-rtbs-148-01.jpeg,
242,경기도,성남시 중원구,성남동,성남-rtbs-149,그늘막,달콤커피 모란역점 앞,37.433881,127.129238,2022.10.21,성남-rtbs-149-01.jpeg,
243,경기도,성남시 분당구,야탑동,성남-rtbs-151,교통표지판,아이파크 아파트 103동 앞,37.409845,127.131339,2022.10.14,성남-rtbs-151-01.jpeg,
244,경기도,성남시 분당구,야탑동,성남-rtbs-151,이정표,아이파크 아파트 103동 앞,37.409871,127.131319,2022.10.14,성남-rtbs-151-02.jpeg,
245,경기도,성남시 분당구,여수동,성남-rtbs-155,CCTV,투썸플레이스 성남시청점 정문 앞,37.416947,127.127356,2022.10.17,성남-rtbs-155-01.jpeg,
246,경기도,성남시 분당구,여수동,성남-rtbs-155,신호등,투썸플레이스 성남시청점 정문 앞,37.416947,127.127321,2022.10.17,성남-rtbs-155-02.jpeg,
247,경기도,성남시 중원구,중앙동,성남-rtbs-157,신호등,성남고등학교 앞,37.434412,127.148083,2022.10.25,성남-rtbs-157-01.jpeg,
248,경기도,성남시 중원구,중앙동,성남-rtbs-157,가로수,성남고등학교 앞,37.434473,127.147987,2022.10.25,성남-rtbs-157-02.jpeg,
249,경기도,성남시 분당구,야탑동,성남-rtbs-160,신호등,KP합동행정사 남쪽 맞은편,37.413635,127.131789,2022.10.14,성남-rtbs-160-01.jpeg,
250,경기도,성남시 분당구,야탑동,성남-rtbs-160,가로수,KP합동행정사 남쪽 맞은편,37.413635,127.131755,2022.10.14,성남-rtbs-160-02.jpeg,
251,경기도,성남시 분당구,야탑동,성남-rtbs-161,가로수,매화마을주공2단지 상가동,37.413511,127.136349,2022.10.14,성남-rtbs-161-01.jpeg,
252,경기도,성남시 분당구,야탑동,성남-rtbs-161,신호등,매화마을주공2단지 상가동,37.413482,127.136291,2022.10.14,성남-rtbs-161-02.jpeg,
253,경기도,성남시 중원구,성남동,성남-rtbs-162,표지판,GS25 성남성일점 앞,37.435672,127.147131,2022.10.25,성남-rtbs-162-01.jpeg,
254,경기도,성남시 중원구,성남동,성남-rtbs-162,가로수,GS25 성남성일점 앞,37.435656,127.147151,2022.10.25,성남-rtbs-162-02.jpeg,
255,경기도,성남시 중원구,성남동,성남-rtbs-162,가로등,GS25 성남성일점 앞,37.435636,127.147159,2022.10.25,성남-rtbs-162-03.jpeg,
256,경기도,성남시 중원구,성남동,성남-rtbs-162,CCTV,GS25 성남성일점 앞,37.435622,127.147171,2022.10.25,성남-rtbs-162-04.jpeg,
257,경기도,성남시 분당구,야탑동,성남-rtbs-165,가로등,목련마을 주공1단지아파트 102동 앞,37.407078,127.142003,2022.10.14,성남-rtbs-165-01.jpeg,
258,경기도,성남시 분당구,야탑동,성남-rtbs-166,신호등,상탑교,37.413856,127.143668,2022.10.14,성남-rtbs-166-01.jpeg,
259,경기도,성남시 분당구,야탑동,성남-rtbs-166,배전함,상탑교,37.413917,127.143596,2022.10.14,성남-rtbs-166-02.jpeg,
260,경기도,성남시 분당구,야탑동,성남-rtbs-166,배전함,상탑교,37.413915,127.143608,2022.10.14,성남-rtbs-166-03.jpeg,
261,경기도,성남시 분당구,야탑동,성남-rtbs-169,가로등,트리움바움하우스 오피스텔 앞,37.408325,127.142895,2022.10.14,성남-rtbs-169-01.jpeg,
262,경기도,성남시 분당구,야탑동,성남-rtbs-169,CCTV,트리움바움하우스 오피스텔 앞,37.408304,127.142831,2022.10.14,성남-rtbs-169-02.jpeg,
263,경기도,성남시 분당구,야탑동,성남-rtbs-170,신호등,야탑지구대앞,37.409755,127.127169,2022.10.14,성남-rtbs-170-01.jpeg,
264,경기도,성남시 분당구,야탑동,성남-rtbs-171,신호등,야탑역사거리,37.410028,127.129016,2022.10.14,성남-rtbs-171-01.jpeg,
265,경기도,성남시 분당구,야탑동,성남-rtbs-172,가로수,CU앞,37.409755,127.126957,2022.10.14,성남-rtbs-172-01.jpeg,
266,경기도,성남시 분당구,야탑동,성남-rtbs-172,신호등,CU앞,37.409755,127.126971,2022.10.14,성남-rtbs-172-02.jpeg,
267,경기도,성남시 분당구,정자동,성남-rtbs-177,가로등,현대자동차 맞은편,37.368322,127.108312,2022.10.17,성남-rtbs-177-01.jpeg,
268,경기도,성남시 분당구,금곡동,성남-rtbs-178,표지판,대원아파트 상가동 옆,37.351677,127.113696,2022.10.18,성남-rtbs-178-01.jpeg,
269,경기도,성남시 분당구,서현동,성남-rtbs-179,배전반,성남교육지원청 건너편,37.386736,127.120745,2022.10.19,성남-rtbs-179-01.jpeg,
270,경기도,성남시 분당구,서현동,성남-rtbs-179,신호등,성남교육지원청 건너편,37.386736,127.120694,2022.10.19,성남-rtbs-179-02.jpeg,
271,경기도,성남시 분당구,야탑동,성남-rtbs-181,분전반,코리아디자인센터 남쪽,37.412481,127.123508,2022.10.14,성남-rtbs-181-01.jpeg,
272,경기도,성남시 분당구,야탑동,성남-rtbs-181,가로수,코리아디자인센터 남쪽,37.412481,127.123486,2022.10.14,성남-rtbs-181-02.jpeg,
273,경기도,성남시 분당구,야탑동,성남-rtbs-183,가로수,기아야탑대리점 앞,37.413277,127.133636,2022.10.14,성남-rtbs-183-01.jpeg,
274,경기도,성남시 분당구,야탑동,성남-rtbs-183,신호등,기아야탑대리점 앞,37.413241,127.133688,2022.10.14,성남-rtbs-183-02.jpeg,
275,경기도,성남시 분당구,야탑동,성남-rtbs-183,교통표지판,기아야탑대리점 앞,37.413232,127.133714,2022.10.14,성남-rtbs-183-03.jpeg,
276,경기도,성남시 분당구,야탑동,성남-rtbs-184,신호등,,37.405246,127.128921,2022.10.17,성남-rtbs-184-01.jpeg,
277,경기도,성남시 분당구,야탑동,성남-rtbs-184,전봇대,,37.405273,127.128957,2022.10.17,성남-rtbs-184-02.jpeg,
278,경기도,성남시 분당구,야탑동,성남-rtbs-184,그늘막,,37.405261,127.128954,2022.10.17,성남-rtbs-184-03.jpeg,
279,경기도,성남시 분당구,야탑동,성남-rtbs-185,표지판,분당테크노파크 E동 입구 좌측,37.404764,127.152319,2022.10.14,성남-rtbs-185-01.jpeg,
280,경기도,성남시 분당구,야탑동,성남-rtbs-185,가로수,분당테크노파크 E동 입구 표지판 우측,37.404753,127.152319,2022.10.14,성남-rtbs-185-02.jpeg,
281,경기도,성남시 분당구,야탑동,성남-rtbs-187,가로등,SC제일은행 간판 앞,37.413636,127.129003,2022.10.14,성남-rtbs-187-01.jpeg,
282,경기도,성남시 분당구,야탑동,성남-rtbs-189,가로수,GS칼텍스 성남대일주유소 앞,37.411461,127.124125,2022.10.14,성남-rtbs-189-01.jpeg,
283,경기도,성남시 분당구,야탑동,성남-rtbs-190,상수도 구역 유량계 지시반,하탑중학교 동쪽 맞은편,37.409351,127.138147,2022.10.14,성남-rtbs-190-01.jpeg,
284,경기도,성남시 분당구,야탑동,성남-rtbs-192,교통표지판,보배반점 야탑직영점 맞은편,37.412361,127.130606,2022.10.14,성남-rtbs-192-01.jpeg,
285,경기도,성남시 분당구,야탑동,성남-rtbs-193,가로수,소우덴앞,37.410021,127.127201,2022.10.14,성남-rtbs-193-01.jpeg,
286,경기도,성남시 분당구,야탑동,성남-rtbs-193,신호등,소우덴앞,37.410014,127.127215,2022.10.14,성남-rtbs-193-02.jpeg,
287,경기도,성남시 분당구,야탑동,성남-rtbs-194,신호등,분당테크노파크 C동 주차장 출구 표지판 좌측,37.405304,127.155328,2022.10.14,성남-rtbs-194-01.jpeg,
288,경기도,성남시 분당구,야탑동,성남-rtbs-194,표지판,분당테크노파크 C동 주차장 출구 우측,37.405291,127.155325,2022.10.14,성남-rtbs-194-02.jpeg,
289,경기도,성남시 분당구,운중동,성남-rtbs-195,신호등,운중초 앞 사거리,37.391626,127.068146,2022.10.17,성남-rtbs-195-01.jpeg,
290,경기도,성남시 분당구,운중동,성남-rtbs-196,신호등,산운마을3단지 앞,37.392949,127.069285,2022.10.17,성남-rtbs-196-01.jpeg,
291,경기도,성남시 분당구,운중동,성남-rtbs-197,표지판,산운마을10단지 정문,37.390718,127.075654,2022.10.17,성남-rtbs-197-01.jpeg,
292,경기도,성남시 분당구,운중동,성남-rtbs-197,신호등,산운마을10단지 정문,37.390702,127.075651,2022.10.17,성남-rtbs-197-02.jpeg,
293,경기도,성남시 분당구,운중동,성남-rtbs-198,신호등,운중초 정문 앞,37.392013,127.067968,2022.10.17,성남-rtbs-198-01.jpeg,
294,경기도,성남시 분당구,운중동,성남-rtbs-199,도로반사경,운중교 앞 삼거리,37.390204,127.067952,2022.10.17,성남-rtbs-199-01.jpeg,
295,경기도,성남시 분당구,운중동,성남-rtbs-199,가로등,운중교 앞 삼거리,37.390211,127.067958,2022.10.17,성남-rtbs-199-02.jpeg,
296,경기도,성남시 분당구,운중동,성남-rtbs-199,표지판,운중교 앞 삼거리,37.390225,127.067955,2022.10.17,성남-rtbs-199-03.jpeg,
297,경기도,성남시 분당구,운중동,성남-rtbs-199,신호등,운중교 앞 삼거리,37.390245,127.067961,2022.10.17,성남-rtbs-199-04.jpeg,
298,경기도,성남시 분당구,운중동,성남-rtbs-200,신호등,운중동행정복지센터사거리,37.391444,127.078207,2022.10.17,성남-rtbs-200-01.jpeg,
299,경기도,성남시 분당구,운중동,성남-rtbs-200,가로등,운중동행정복지센터사거리,37.391426,127.078221,2022.10.17,성남-rtbs-200-02.jpeg,
300,경기도,성남시 분당구,운중동,성남-rtbs-201,신호등,산운마을2단지 앞,37.392783,127.065225,2022.10.17,성남-rtbs-201-01.jpeg,
301,경기도,성남시 분당구,운중동,성남-rtbs-202,신호등,산운마을4단지 정문,37.390839,127.068046,2022.10.17,성남-rtbs-202-01.jpeg,
302,경기도,성남시 분당구,운중동,성남-rtbs-203,신호등,산운마을11단지 앞 사거리,37.389229,127.075647,2022.10.17,성남-rtbs-203-01.jpeg,
303,경기도,성남시 분당구,야탑동,성남-rtbs-204,가로등,ABC마트 앞,37.413997,127.128515,2022.10.14,성남-rtbs-204-01.jpeg,
304,경기도,성남시 중원구,성남동,성남-rtbs-207,신호등,달인참치 앞,37.435329,127.139828,2022.10.18,성남-rtbs-207-01.jpeg,
305,경기도,성남시 중원구,성남동,성남-rtbs-207,배전반,신호등 좌측,37.435318,127.139802,2022.10.18,성남-rtbs-207-02.jpeg,
306,경기도,성남시 분당구,율동,성남-rtbs-208,신호등,GS25 분당율동공원점 서쪽 맞은편,37.383651,127.150481,2022.10.18,성남-rtbs-208-01.jpeg,
307,경기도,성남시 분당구,율동,성남-rtbs-208,제어기,GS25 분당율동공원점 서쪽 맞은편,37.383645,127.150467,2022.10.18,성남-rtbs-208-02.jpeg,
308,경기도,성남시 분당구,율동,성남-rtbs-208,CCTV,GS25 분당율동공원점 서쪽 맞은편,37.383636,127.150451,2022.10.18,성남-rtbs-208-03.jpeg,
309,경기도,성남시 분당구,서현동,성남-rtbs-209,신호등,서현도서관 맞은편,37.383951,127.132342,2022.10.18,성남-rtbs-209-01.jpeg,
310,경기도,성남시 분당구,율동,성남-rtbs-210,신호등,국군수도병원 간판 앞,37.383918,127.150552,2022.10.18,성남-rtbs-210-01.jpeg,
311,경기도,성남시 분당구,이매동,성남-rtbs-212,신호등,성남매송초등학교 앞,37.401241,127.123451,2022.10.20,성남-rtbs-212-01.jpeg,
312,경기도,성남시 분당구,이매동,성남-rtbs-213,신호등,아름마을 1단지 108동 앞,37.403605,127.123465,2022.10.20,성남-rtbs-213-01.jpeg,
313,경기도,성남시 분당구,이매동,성남-rtbs-213,가로등,아름마을 1단지 108동 앞,37.403589,127.123468,2022.10.20,성남-rtbs-213-02.jpeg,
314,경기도,성남시 분당구,이매동,성남-rtbs-214,가로수,매송중학교 앞,37.396883,127.123435,2022.10.19,성남-rtbs-214-01.jpeg,
315,경기도,성남시 분당구,이매동,성남-rtbs-214,신호등,매송중학교 앞,37.396892,127.123435,2022.10.19,성남-rtbs-214-02.jpeg,
316,경기도,성남시 분당구,이매동,성남-rtbs-215,가로수,매송 어린이공원 앞,37.397809,127.123445,2022.10.19,성남-rtbs-215-01.jpeg,
317,경기도,성남시 분당구,이매동,성남-rtbs-215,신호등,매송 어린이공원 앞,37.397827,127.123447,2022.10.19,성남-rtbs-215-02.jpeg,
318,경기도,성남시 분당구,이매동,성남-rtbs-215,가로수,매송 어린이공원 앞,37.397854,127.123428,2022.10.19,성남-rtbs-215-03.jpeg,
319,경기도,성남시 분당구,이매동,성남-rtbs-217,CCTV,이매중학교 앞,37.401023,127.125556,2022.10.20,성남-rtbs-217-01.jpeg,
320,경기도,성남시 분당구,이매동,성남-rtbs-217,신호등,이매중학교 앞,37.401021,127.125539,2022.10.20,성남-rtbs-217-02.jpeg,
321,경기도,성남시 분당구,이매동,성남-rtbs-219,신호등,이매촌7단지성지아파트 놀이터 북쪽,37.394579,127.125568,2022.10.19,성남-rtbs-219-01.jpeg,
322,경기도,성남시 분당구,야탑동,성남-rtbs-220,전봇대,교차로 진입전 횡단보도 시작부근,37.405273,127.128336,2022.10.17,성남-rtbs-220-01.jpeg,
323,경기도,성남시 분당구,이매동,성남-rtbs-221,도로반사경,분당119구조대 동쪽 맞은편,37.399332,127.127583,2022.10.19,성남-rtbs-221-01.jpeg,
324,경기도,성남시 분당구,이매동,성남-rtbs-222,가로수,죽이야기 분당이매점 남쪽 맞은편,37.399082,127.123365,2022.10.19,성남-rtbs-222-01.jpeg,
325,경기도,성남시 분당구,이매동,성남-rtbs-223,신호등,대인외과내과의원 서쪽 맞은편,37.399355,127.125215,2022.10.19,성남-rtbs-223-01.jpeg,
326,경기도,성남시 분당구,이매동,성남-rtbs-223,신호등,대인외과내과의원 서쪽 맞은편,37.399379,127.125241,2022.10.19,성남-rtbs-223-02.jpeg,
327,경기도,성남시 분당구,이매동,성남-rtbs-223,가로수,대인외과내과의원 서쪽 맞은편,37.399397,127.125254,2022.10.19,성남-rtbs-223-03.jpeg,
328,경기도,성남시 분당구,이매동,성남-rtbs-224,신호등,이매역 6번 출구 앞,37.394851,127.126678,2022.10.19,성남-rtbs-224-01.jpeg,
329,경기도,성남시 중원구,성남동,성남-rtbs-227,전신주,예원유치원 간판 아래,37.435229,127.143113,2022.10.18,성남-rtbs-227-01.jpeg,
330,경기도,성남시 분당구,이매동,성남-rtbs-228,가로등,이매역 4번 출구 앞,37.394563,127.128027,2022.10.19,성남-rtbs-228-01.jpeg,
331,경기도,성남시 분당구,이매동,성남-rtbs-229,가로수,KT 분당지사 남쪽 맞은편,37.398835,127.128466,2022.10.19,성남-rtbs-229-01.jpeg,
332,경기도,성남시 분당구,이매동,성남-rtbs-229,가로수,KT 분당지사 남쪽 맞은편,37.398911,127.128464,2022.10.19,성남-rtbs-229-02.jpeg,
333,경기도,성남시 분당구,이매동,성남-rtbs-229,가로수,KT 분당지사 남쪽 맞은편,37.398946,127.128464,2022.10.19,성남-rtbs-229-03.jpeg,
334,경기도,성남시 분당구,이매동,성남-rtbs-229,신호등,KT 분당지사 남쪽 맞은편,37.398971,127.128464,2022.10.19,성남-rtbs-229-04.jpeg,
335,경기도,성남시 중원구,성남동,성남-rtbs-230,신호등,KT플라자 앞,37.436541,127.142028,2022.10.18,성남-rtbs-230-01.jpeg,
336,경기도,성남시 중원구,성남동,성남-rtbs-230,전신주,신호등 좌측,37.436548,127.142022,2022.10.18,성남-rtbs-230-02.jpeg,
337,경기도,성남시 분당구,정자동,성남-rtbs-231,가로등,공릉동원조멸치국수 맞은편,37.361628,127.114596,2022.10.19,성남-rtbs-231-01.jpeg,
338,경기도,성남시 분당구,정자동,성남-rtbs-232,교통신호제어기,늘푸른중학교,37.356789,127.105854,2022.10.18,성남-rtbs-232-01.jpeg,
339,경기도,성남시 분당구,정자동,성남-rtbs-233,미세먼지 알리미,불정로 91,37.360111,127.115085,2022.10.19,성남-rtbs-233-01.jpeg,
340,경기도,성남시 분당구,정자동,성남-rtbs-233,CCTV,피자헛 맞은편,37.360121,127.115065,2022.10.19,성남-rtbs-233-02.jpeg,
341,경기도,성남시 분당구,정자동,성남-rtbs-234,가로수,네이버라이브러리 앞,37.359717,127.105664,2022.10.20,성남-rtbs-234-01.jpeg,
342,경기도,성남시 분당구,정자동,성남-rtbs-234,교통표지판,네이버라이브러리 앞,37.359721,127.105701,2022.10.20,성남-rtbs-234-02.jpeg,
343,경기도,성남시 분당구,정자동,성남-rtbs-234,가로등,네이버라이브러리 앞,37.359722,127.105726,2022.10.20,성남-rtbs-234-03.jpeg,
344,경기도,성남시 분당구,정자동,성남-rtbs-234,신호등,네이버라이브러리 앞,37.359722,127.105761,2022.10.20,성남-rtbs-234-04.jpeg,
345,경기도,성남시 분당구,정자동,성남-rtbs-234,그늘막,네이버라이브러리 앞,37.359717,127.105772,2022.10.20,성남-rtbs-234-05.jpeg,
346,경기도,성남시 분당구,정자동,성남-rtbs-234,신호제어기,네이버라이브러리 앞,37.359697,127.105828,2022.10.20,성남-rtbs-234-06.jpeg,
347,경기도,성남시 분당구,정자동,성남-rtbs-234,신호등,네이버라이브러리 앞,37.359692,127.105848,2022.10.20,성남-rtbs-234-07.jpeg,
348,경기도,성남시 분당구,정자동,성남-rtbs-235,신호등,GS금곡주유소 맞은편,37.359586,127.104499,2022.10.20,성남-rtbs-235-01.jpeg,
349,경기도,성남시 분당구,정자동,성남-rtbs-235,교통표지판,GS금곡주유소 맞은편,37.359597,127.104496,2022.10.20,성남-rtbs-235-02.jpeg,
350,경기도,성남시 분당구,정자동,성남-rtbs-235,신호등,GS금곡주유소 맞은편,37.359622,127.104516,2022.10.20,성남-rtbs-235-03.jpeg,
351,경기도,성남시 분당구,정자동,성남-rtbs-235,신호제어기,GS금곡주유소 맞은편,37.359635,127.104551,2022.10.20,성남-rtbs-235-04.jpeg,
352,경기도,성남시 분당구,정자동,성남-rtbs-236,신호등,주차장 맞은편,37.360103,127.110119,2022.10.19,성남-rtbs-236-01.jpeg,
353,경기도,성남시 분당구,정자동,성남-rtbs-236,기둥,주차장 맞은편,37.360103,127.110091,2022.10.19,성남-rtbs-236-02.jpeg,
354,경기도,성남시 분당구,정자동,성남-rtbs-236,신호제어기,주차장 맞은편,37.360103,127.110074,2022.10.19,성남-rtbs-236-03.jpeg,
355,경기도,성남시 분당구,정자동,성남-rtbs-237,가로수,아이파크 103동 앞,37.372193,127.104448,2022.10.18,성남-rtbs-237-01.jpeg,
356,경기도,성남시 분당구,정자동,성남-rtbs-238,신호등,로얄팰리스아파트 C동 맞은편,37.373497,127.109971,2022.10.18,성남-rtbs-238-01.jpeg,
357,경기도,성남시 분당구,정자동,성남-rtbs-238,신호제어기,로얄팰리스아파트 C동 맞은편,37.373506,127.109971,2022.10.18,성남-rtbs-238-02.jpeg,
358,경기도,성남시 분당구,정자동,성남-rtbs-238,가로등,로얄팰리스아파트 C동 맞은편,37.373528,127.109981,2022.10.18,성남-rtbs-238-03.jpeg,
359,경기도,성남시 분당구,정자동,성남-rtbs-238,가로수,로얄팰리스아파트 C동 맞은편,37.373562,127.109997,2022.10.18,성남-rtbs-238-04.jpeg,
360,경기도,성남시 분당구,정자동,성남-rtbs-238,신호제어기,로얄팰리스아파트 C동 맞은편,37.373578,127.110008,2022.10.18,성남-rtbs-238-05.jpeg,
361,경기도,성남시 분당구,정자동,성남-rtbs-238,가로수,로얄팰리스아파트 C동 맞은편,37.373596,127.110025,2022.10.18,성남-rtbs-238-06.jpeg,
362,경기도,성남시 중원구,성남동,성남-rtbs-239,전신주,성남동 주민자치센터 입구 맞은편,37.435004,127.139234,2022.10.18,성남-rtbs-239-01.jpeg,
363,경기도,성남시 중원구,성남동,성남-rtbs-239,가로수,전신주 좌측,37.435001,127.139217,2022.10.18,성남-rtbs-239-02.jpeg,
364,경기도,성남시 분당구,정자동,성남-rtbs-240,신호등,백현중학교 앞,37.371791,127.109971,2022.10.18,성남-rtbs-240-01.jpeg,
365,경기도,성남시 중원구,성남동,성남-rtbs-241,비상소화장비함,뉴코아 모란점 앞,37.431465,127.129461,2022.10.21,성남-rtbs-241-01.jpeg,
366,경기도,성남시 중원구,성남동,성남-rtbs-242,가로등,오빠장어 앞 횡단보도 중앙,37.436006,127.141052,2022.10.18,성남-rtbs-242-01.jpeg,
367,경기도,성남시 중원구,성남동,성남-rtbs-242,전신주,가로등 좌측,37.435995,127.141032,2022.10.18,성남-rtbs-242-02.jpeg,
368,경기도,성남시 중원구,성남동,성남-rtbs-242,가로수,전신주 좌측,37.435988,127.141013,2022.10.18,성남-rtbs-242-03.jpeg,
369,경기도,성남시 중원구,성남동,성남-rtbs-242,신호등,가로수 좌측,37.435972,127.14099,2022.10.18,성남-rtbs-242-04.jpeg,
370,경기도,성남시 분당구,정자동,성남-rtbs-243,신호등,파크뷰 아파트 정문 옆,37.372611,127.105914,2022.10.18,성남-rtbs-243-01.jpeg,
371,경기도,성남시 분당구,정자동,성남-rtbs-243,가로등,분당현대아이파크 101동 맞은편,37.372579,127.105866,2022.10.18,성남-rtbs-243-02.jpeg,
372,경기도,성남시 분당구,정자동,성남-rtbs-245,신호등,분당파크뷰오피스타워 맞은편,37.372311,127.107737,2022.10.18,성남-rtbs-245-01.jpeg,
373,경기도,성남시 분당구,정자동,성남-rtbs-245,그늘막,분당파크뷰오피스타워 맞은편,37.372298,127.107741,2022.10.18,성남-rtbs-245-02.jpeg,
374,경기도,성남시 분당구,정자동,성남-rtbs-246,신호등,제일부동산 맞은편,37.368655,127.111556,2022.10.17,성남-rtbs-246-01.jpeg,
375,경기도,성남시 분당구,정자동,성남-rtbs-248,교통표지판,아데나루체 A동 앞,37.360071,127.106314,2022.10.20,성남-rtbs-248-01.jpeg,
376,경기도,성남시 분당구,정자동,성남-rtbs-248,가로등,아데나루체 A동 앞,37.360071,127.106258,2022.10.20,성남-rtbs-248-02.jpeg,
377,경기도,성남시 분당구,정자동,성남-rtbs-248,분전함,아데나루체 A동 앞,37.360073,127.106224,2022.10.20,성남-rtbs-248-03.jpeg,
378,경기도,성남시 분당구,정자동,성남-rtbs-248,신호등,아데나루체 A동 앞,37.360073,127.106198,2022.10.20,성남-rtbs-248-04.jpeg,
379,경기도,성남시 분당구,정자동,성남-rtbs-249,가로수,빌리브 동물병원 입구 앞,37.375601,127.111838,2022.10.18,성남-rtbs-249-01.jpeg,
380,경기도,성남시 분당구,정자동,성남-rtbs-249,가로등,빌리브 동물병원 입구 앞,37.375583,127.111867,2022.10.18,성남-rtbs-249-02.jpeg,
381,경기도,성남시 분당구,정자동,성남-rtbs-249,신호등,로얄팰리스아파트 A동 앞,37.375444,127.111866,2022.10.18,성남-rtbs-249-03.jpeg,
382,경기도,성남시 분당구,정자동,성남-rtbs-249,CCTV,로얄팰리스아파트 A동 앞,37.375421,127.111849,2022.10.18,성남-rtbs-249-04.jpeg,
383,경기도,성남시 분당구,정자동,성남-rtbs-251,가로수,백현로,37.378558,127.108536,2022.10.20,성남-rtbs-251-01.jpeg,
384,경기도,성남시 분당구,정자동,성남-rtbs-251,신호등,백현로,37.378539,127.108551,2022.10.20,성남-rtbs-251-02.jpeg,
385,경기도,성남시 분당구,정자동,성남-rtbs-251,가로등,분당수서로,37.378476,127.108591,2022.10.20,성남-rtbs-251-03.jpeg,
386,경기도,성남시 분당구,정자동,성남-rtbs-251,가로수,분당수서로,37.378445,127.108595,2022.10.20,성남-rtbs-251-04.jpeg,
387,경기도,성남시 분당구,정자동,성남-rtbs-251,가로수,분당수서로,37.378364,127.108578,2022.10.20,성남-rtbs-251-05.jpeg,
388,경기도,성남시 분당구,정자동,성남-rtbs-251,가로등,분당수서로,37.378348,127.108567,2022.10.20,성남-rtbs-251-06.jpeg,
389,경기도,성남시 분당구,정자동,성남-rtbs-251,신호등,분당수서로,37.378328,127.108558,2022.10.20,성남-rtbs-251-07.jpeg,
390,경기도,성남시 분당구,정자동,성남-rtbs-253,수목,한솔마트 옆 인도 아래,37.368649,127.114996,2022.10.17,성남-rtbs-253-01.jpeg,
391,경기도,성남시 분당구,정자동,성남-rtbs-254,가로등,여의도순복음분당교회 맞은편,37.360099,127.111941,2022.10.19,성남-rtbs-254-01.jpeg,
392,경기도,성남시 분당구,정자동,성남-rtbs-254,신호등,여의도순복음분당교회 맞은편,37.360099,127.111921,2022.10.19,성남-rtbs-254-02.jpeg,
393,경기도,성남시 분당구,정자동,성남-rtbs-254,그늘막,여의도순복음분당교회 맞은편,37.360099,127.111904,2022.10.19,성남-rtbs-254-03.jpeg,
394,경기도,성남시 분당구,정자동,성남-rtbs-254,신호등,여의도순복음분당교회 맞은편,37.360111,127.111837,2022.10.19,성남-rtbs-254-04.jpeg,
395,경기도,성남시 분당구,정자동,성남-rtbs-255,가로등,분당수서로,37.378823,127.109033,2022.10.20,성남-rtbs-255-01.jpeg,
396,경기도,성남시 분당구,정자동,성남-rtbs-255,신호등,분당수서로,37.378796,127.109002,2022.10.20,성남-rtbs-255-02.jpeg,
397,경기도,성남시 분당구,정자동,성남-rtbs-255,신호등,백현로,37.378776,127.108892,2022.10.20,성남-rtbs-255-03.jpeg,
398,경기도,성남시 분당구,정자동,성남-rtbs-256,가로등,타임브릿지오피스텔 맞은편,37.363623,127.108431,2022.10.19,성남-rtbs-256-01.jpeg,
399,경기도,성남시 분당구,분당동,성남-rtbs-257,가로등,능골공원 앞,37.371387,127.116489,2022.10.19,성남-rtbs-257-01.jpeg,
400,경기도,성남시 분당구,분당동,성남-rtbs-257,신호등,능골공원 앞,37.371401,127.116503,2022.10.19,성남-rtbs-257-02.jpeg,
401,경기도,성남시 분당구,서현동,성남-rtbs-257,신호등,능골공원 앞,37.371421,127.116571,2022.10.19,성남-rtbs-257-03.jpeg,
402,경기도,성남시 중원구,성남동,성남-rtbs-258,택시승강장,모란중앙약국 앞,37.432331,127.128841,2022.10.21,성남-rtbs-258-01.jpeg,
403,경기도,성남시 중원구,성남동,성남-rtbs-258,택시승강장,모란중앙약국 앞,37.432312,127.128841,2022.10.21,성남-rtbs-258-02.jpeg,
404,경기도,성남시 분당구,판교동,성남-rtbs-259,가로등,판교어린이집 입구,37.386305,127.087938,2022.10.17,성남-rtbs-259-01.jpeg,
405,경기도,성남시 분당구,판교동,성남-rtbs-259,신호등,판교어린이집 입구,37.386305,127.087955,2022.10.17,성남-rtbs-259-02.jpeg,
406,경기도,성남시 분당구,판교동,성남-rtbs-260,신호등,판교원마을503동 앞,37.386474,127.088977,2022.10.17,성남-rtbs-260-01.jpeg,
407,경기도,성남시 분당구,판교동,성남-rtbs-261,신호등,판교중학교 근방,37.386593,127.086552,2022.10.17,성남-rtbs-261-01.jpeg,
408,경기도,성남시 분당구,판교동,성남-rtbs-262,신호등,낙원중학교 앞,37.399123,127.095466,2022.10.20,성남-rtbs-262-01.jpeg,
409,경기도,성남시 분당구,판교동,성남-rtbs-263,신호등,낙생초등학교 근방,37.394581,127.098278,2022.10.17,성남-rtbs-263-01.jpeg,
410,경기도,성남시 분당구,판교동,성남-rtbs-263,CCTV,낙생초등학교 근방,37.394591,127.098284,2022.10.17,성남-rtbs-263-02.jpeg,
411,경기도,성남시 분당구,판교동,성남-rtbs-265,신호등,봄볕어린이공원 앞,37.398204,127.096493,2022.10.20,성남-rtbs-265-01.jpeg,
412,경기도,성남시 분당구,판교동,성남-rtbs-266,신호등,낙생빌딩 앞,37.399752,127.094998,2022.10.20,성남-rtbs-266-01.jpeg,
413,경기도,성남시 분당구,판교동,성남-rtbs-266,가로등,낙생빌딩 앞,37.399734,127.095013,2022.10.20,성남-rtbs-266-02.jpeg,
414,경기도,성남시 분당구,판교동,성남-rtbs-267,신호등,판교원마을6단지 입구,37.387656,127.089651,2022.10.17,성남-rtbs-267-01.jpeg,
415,경기도,성남시 분당구,판교동,성남-rtbs-267,가로수,판교원마을6단지 입구,37.387631,127.089642,2022.10.17,성남-rtbs-267-02.jpeg,
416,경기도,성남시 분당구,판교동,성남-rtbs-268,신호등,판교원마을3단지 입구,37.387711,127.086825,2022.10.17,성남-rtbs-268-01.jpeg,
417,경기도,성남시 분당구,판교동,성남-rtbs-269,신호등,판교원마을 13단지 근방,37.401614,127.093531,2022.10.20,성남-rtbs-269-01.jpeg,
418,경기도,성남시 분당구,판교동,성남-rtbs-269,CCTV,판교원마을 13단지 근방,37.401596,127.093544,2022.10.20,성남-rtbs-269-02.jpeg,
419,경기도,성남시 중원구,상대원동,성남-rtbs-270,이정표,학년쇼핑 앞,37.440339,127.162617,2022.10.20,성남-rtbs-270-01.jpeg,
420,경기도,성남시 중원구,상대원동,성남-rtbs-270,그늘막,학년쇼핑 앞,37.440328,127.162602,2022.10.20,성남-rtbs-270-02.jpeg,
421,경기도,성남시 중원구,상대원동,성남-rtbs-271,신호등,해오름동물병원 좌측 건너편,37.441122,127.160038,2022.10.17,성남-rtbs-271-01.jpeg,
422,경기도,성남시 분당구,판교동,성남-rtbs-272,신호등,너른들어린이공원 근방,37.390631,127.099837,2022.10.17,성남-rtbs-272-01.jpeg,
423,경기도,성남시 분당구,판교동,성남-rtbs-273,신호등,불꽃교회 앞,37.396308,127.098097,2022.10.20,성남-rtbs-273-01.jpeg,
424,경기도,성남시 분당구,판교동,성남-rtbs-274,신호등,분당판교아이사랑놀이터 앞,37.391344,127.090934,2022.10.17,성남-rtbs-274-01.jpeg,
425,경기도,성남시 분당구,판교동,성남-rtbs-275,신호등,동물병원돌봄 맞은편,37.400072,127.094511,2022.10.20,성남-rtbs-275-01.jpeg,
426,경기도,성남시 분당구,판교동,성남-rtbs-276,신호등,판교연세의원 앞,37.389383,127.089969,2022.10.17,성남-rtbs-276-01.jpeg,
427,경기도,성남시 분당구,판교동,성남-rtbs-277,신호등,열린하늘문교회 앞,37.389311,127.090268,2022.10.17,성남-rtbs-277-01.jpeg,
428,경기도,성남시 분당구,판교동,성남-rtbs-277,가로수,열린하늘문교회 앞,37.389261,127.090209,2022.10.17,성남-rtbs-277-02.jpeg,
429,경기도,성남시 중원구,성남동,성남-rtbs-278,가로등,세계과자할인점 모란점 앞,37.432742,127.129352,2022.10.21,성남-rtbs-278-01.jpeg,
430,경기도,성남시 중원구,성남동,성남-rtbs-278,가로수,세계과자할인점 모란점 앞,37.432801,127.129425,2022.10.21,성남-rtbs-278-02.jpeg,
431,경기도,성남시 중원구,상대원동,성남-rtbs-279,전신주,대교공인중개사 앞,37.439931,127.159329,2022.10.17,성남-rtbs-279-01.jpeg,
432,경기도,성남시 중원구,상대원동,성남-rtbs-280,신호등,우리은행 앞,37.434807,127.170534,2022.10.21,성남-rtbs-280-01.jpeg,
433,경기도,성남시 중원구,상대원동,성남-rtbs-280,가로수,우리은행 앞,37.434839,127.170503,2022.10.21,성남-rtbs-280-02.jpeg,
434,경기도,성남시 중원구,상대원동,성남-rtbs-280,전봇대,우리은행 앞,37.434877,127.170497,2022.10.21,성남-rtbs-280-03.jpeg,
435,경기도,성남시 중원구,상대원동,성남-rtbs-280,CCTV,우리은행 앞,37.434893,127.170497,2022.10.21,성남-rtbs-280-04.jpeg,
436,경기도,성남시 중원구,상대원동,성남-rtbs-280,가로수,우리은행 앞,37.434909,127.170509,2022.10.21,성남-rtbs-280-05.jpeg,
437,경기도,성남시 중원구,상대원동,성남-rtbs-280,신호등,우리은행 앞,37.43494,127.17052,2022.10.21,성남-rtbs-280-06.jpeg,
438,경기도,성남시 중원구,상대원동,성남-rtbs-280,전봇대,우리은행 앞,37.434954,127.170528,2022.10.21,성남-rtbs-280-07.jpeg,
439,경기도,성남시 중원구,상대원동,성남-rtbs-280,가로수,우리은행 앞,37.434976,127.170585,2022.10.21,성남-rtbs-280-08.jpeg,
440,경기도,성남시 중원구,상대원동,성남-rtbs-280,신호등,우리은행 앞,37.434987,127.170613,2022.10.21,성남-rtbs-280-09.jpeg,
441,경기도,성남시 중원구,상대원동,성남-rtbs-281,신호등,성남SK V1타워,37.43951,127.172638,2022.10.25,성남-rtbs-281-01.jpeg,
442,경기도,성남시 수정구,금토동,성남-rtbs-282,가로등,GS25 앞 횡단보도,37.408759,127.096111,2022.10.19,성남-rtbs-282-01.jpeg,
443,경기도,성남시 수정구,금토동,성남-rtbs-282,신호등,GS25 앞 횡단보도,37.408757,127.096086,2022.10.19,성남-rtbs-282-02.jpeg,
444,경기도,성남시 수정구,복정동,성남-rtbs-286,나무,테리 앤 키친 앞,37.456414,127.127485,2022.10.28,성남-rtbs-286-01.jpeg,
445,경기도,성남시 수정구,복정동,성남-rtbs-286,나무,테리 앤 키친 앞,37.456438,127.127429,2022.10.28,성남-rtbs-286-02.jpeg,
446,경기도,성남시 수정구,복정동,성남-rtbs-286,가로등,테리 앤 키친 앞,37.456447,127.127415,2022.10.28,성남-rtbs-286-03.jpeg,
447,경기도,성남시 수정구,단대동,성남-rtbs-287,신호등,진로마트 앞,37.451401,127.157706,2022.10.25,성남-rtbs-287-01.jpeg,
448,경기도,성남시 중원구,상대원동,성남-rtbs-288,성남하이테크밸리 표지판,크란츠테크노 앞,37.433162,127.159871,2022.10.27,성남-rtbs-288-01.jpeg,
449,경기도,성남시 중원구,상대원동,성남-rtbs-288,신호등,크란츠테크노 앞,37.433155,127.159899,2022.10.27,성남-rtbs-288-02.jpeg,
450,경기도,성남시 중원구,상대원동,성남-rtbs-289,신호등,우림라이온벨리5차,37.441221,127.171608,2022.10.25,성남-rtbs-289-01.jpeg,
451,경기도,성남시 중원구,상대원동,성남-rtbs-289,신호등,우림라이온벨리5차,37.441273,127.171591,2022.10.25,성남-rtbs-289-02.jpeg,
452,경기도,성남시 수정구,단대동,성남-rtbs-290,신호등,단대파출소 앞,37.452471,127.158208,2022.10.25,성남-rtbs-290-01.jpeg,
453,경기도,성남시 중원구,상대원동,성남-rtbs-292,그늘막,영영상점 앞,37.437631,127.159656,2022.10.20,성남-rtbs-292-01.jpeg,
454,경기도,성남시 중원구,상대원동,성남-rtbs-293,가로등,은하당 앞,37.437818,127.159563,2022.10.20,성남-rtbs-293-01.jpeg,
455,경기도,성남시 중원구,상대원동,성남-rtbs-293,신호등,은하당 앞,37.437767,127.159523,2022.10.20,성남-rtbs-293-02.jpeg,
456,경기도,성남시 중원구,상대원동,성남-rtbs-294,전봇대,이성범베이커리 앞,37.441689,127.16412,2022.10.20,성남-rtbs-294-01.jpeg,
457,경기도,성남시 중원구,상대원동,성남-rtbs-294,신호등,이성범베이커리 앞,37.441677,127.164103,2022.10.20,성남-rtbs-294-02.jpeg,
458,경기도,성남시 수정구,단대동,성남-rtbs-296,신호등,서가네집밥앞,37.450976,127.158813,2022.10.20,성남-rtbs-296-01.jpeg,
459,경기도,성남시 수정구,단대동,성남-rtbs-297,신호등,수원지방검찰청 성남지청 앞,37.452248,127.159954,2022.10.20,성남-rtbs-297-01.jpeg,
460,경기도,성남시 수정구,단대동,성남-rtbs-298,카메라,다인세무회계 앞,37.447204,127.154849,2022.10.20,성남-rtbs-298-01.jpeg,
461,경기도,성남시 수정구,단대동,성남-rtbs-300,전봇대,진로아파트 앞,37.451499,127.156822,2022.10.25,성남-rtbs-300-01.jpeg,
462,경기도,성남시 수정구,단대동,성남-rtbs-300,신호등,진로아파트 앞,37.451499,127.156844,2022.10.25,성남-rtbs-300-02.jpeg,
463,경기도,성남시 중원구,금광동,성남-rtbs-301,전봇대,신구대 후문,37.448761,127.166508,2022.10.17,성남-rtbs-301-01.jpeg,
464,경기도,성남시 수정구,복정동,성남-rtbs-302,나무,리치타운2오피스텔 앞,37.456272,127.127248,2022.10.28,성남-rtbs-302-01.jpeg,
465,경기도,성남시 수정구,복정동,성남-rtbs-302,나무,리치타운2오피스텔 앞,37.456238,127.127253,2022.10.28,성남-rtbs-302-02.jpeg,
466,경기도,성남시 수정구,복정동,성남-rtbs-302,가로등,리치타운2오피스텔 앞,37.456222,127.127256,2022.10.28,성남-rtbs-302-03.jpeg,
467,경기도,성남시 수정구,복정동,성남-rtbs-304,교통표지판,청림빌딩 앞,37.465634,127.126551,2022.10.24,성남-rtbs-304-01.jpeg,
468,경기도,성남시 수정구,복정동,성남-rtbs-304,신호등,청림빌딩 앞,37.465659,127.126552,2022.10.24,성남-rtbs-304-02.jpeg,
469,경기도,성남시 중원구,금광동,성남-rtbs-305,전신주,파리바게뜨 성남금광점 맞은편,37.445115,127.161826,2022.10.19,성남-rtbs-305-01.jpeg,
470,경기도,성남시 중원구,금광동,성남-rtbs-305,신호등,전신주 우측,37.44512,127.16184,2022.10.19,성남-rtbs-305-02.jpeg,
471,경기도,성남시 중원구,금광동,성남-rtbs-306,전봇대,황송894공인중개사 맞은편,37.445305,127.16834,2022.10.17,성남-rtbs-306-01.jpeg,
472,경기도,성남시 중원구,금광동,성남-rtbs-306,전봇대,황송894공인중개사 맞은편,37.445309,127.168368,2022.10.17,성남-rtbs-306-02.jpeg,
473,경기도,성남시 중원구,도촌동,성남-rtbs-308,가로등,여수촌1교 입구,37.416984,127.149963,2022.10.18,성남-rtbs-308-01.jpeg,
474,경기도,성남시 중원구,도촌동,성남-rtbs-308,가로등,여수촌1교 입구,37.416981,127.150003,2022.10.18,성남-rtbs-308-02.jpeg,
475,경기도,성남시 수정구,사송동,성남-rtbs-309,신호등,성남시민버스 입구,37.415223,127.114806,2022.10.19,성남-rtbs-309-01.jpeg,
476,경기도,성남시 수정구,사송동,성남-rtbs-309,가로등,성남시민버스 입구,37.415237,127.114752,2022.10.19,성남-rtbs-309-02.jpeg,
477,경기도,성남시 중원구,도촌동,성남-rtbs-310,가로등,동분당KCC스위첸파티오2단지 203동 맞은편,37.413792,127.158401,2022.10.18,성남-rtbs-310-01.jpeg,
478,경기도,성남시 중원구,도촌동,성남-rtbs-310,가로등,동분당KCC스위첸파티오2단지 203동 맞은편,37.413756,127.158351,2022.10.18,성남-rtbs-310-02.jpeg,
479,경기도,성남시 중원구,도촌동,성남-rtbs-310,안전주의천막,동분당KCC스위첸파티오2단지 203동 맞은편,37.413771,127.158351,2022.10.18,성남-rtbs-310-03.jpeg,
480,경기도,성남시 수정구,산성동,성남-rtbs-312,가로수,성남북초등학교 앞,37.450943,127.151379,2022.10.26,성남-rtbs-312-01.jpeg,
481,경기도,성남시 수정구,산성동,성남-rtbs-312,가로등,성남북초등학교 앞,37.450937,127.151387,2022.10.26,성남-rtbs-312-02.jpeg,
482,경기도,성남시 수정구,산성동,성남-rtbs-312,CCTV,성남북초등학교 앞,37.450948,127.151404,2022.10.26,성남-rtbs-312-03.jpeg,
483,경기도,성남시 수정구,산성동,성남-rtbs-312,전신주,성남북초등학교 앞,37.45095,127.151407,2022.10.26,성남-rtbs-312-04.jpeg,
484,경기도,성남시 수정구,산성동,성남-rtbs-312,전신주,성남북초등학교 앞,37.450955,127.151413,2022.10.26,성남-rtbs-312-05.jpeg,
485,경기도,성남시 수정구,산성동,성남-rtbs-314,신호등,산성역 환승공영주차장앞,37.456382,127.150565,2022.10.27,성남-rtbs-314-01.jpeg,
486,경기도,성남시 수정구,산성동,성남-rtbs-314,이정표,산성역 환승공영주차장앞,37.456401,127.150521,2022.10.27,성남-rtbs-314-02.jpeg,
487,경기도,성남시 수정구,산성동,성남-rtbs-314,가로등,산성역 환승공영주차장앞,37.456411,127.150515,2022.10.27,성남-rtbs-314-03.jpeg,
488,경기도,성남시 중원구,도촌동,성남-rtbs-315,가로등,성남도촌동우체국 앞,37.416914,127.153105,2022.10.18,성남-rtbs-315-01.jpeg,
489,경기도,성남시 중원구,도촌동,성남-rtbs-316,신호등,도촌중학교 건물 뒤 ,37.417272,127.155086,2022.10.18,성남-rtbs-316-01.jpeg,
490,경기도,성남시 중원구,도촌동,성남-rtbs-317,신호등,도촌종합사회복지관 정문 앞,37.415211,127.159323,2022.10.18,성남-rtbs-317-01.jpeg,
491,경기도,성남시 중원구,도촌동,성남-rtbs-317,신호등,도촌종합사회복지관 정문 앞,37.415149,127.159351,2022.10.18,성남-rtbs-317-02.jpeg,
492,경기도,성남시 중원구,도촌동,성남-rtbs-319,신호등,으뜸이레가오피스텔 앞,37.415627,127.150713,2022.10.18,성남-rtbs-319-01.jpeg,
493,경기도,성남시 중원구,도촌동,성남-rtbs-319,교통신호제어기,으뜸이레가오피스텔 앞,37.415633,127.150718,2022.10.18,성남-rtbs-319-02.jpeg,
494,경기도,성남시 중원구,도촌동,성남-rtbs-319,신호등,으뜸이레가오피스텔 앞,37.415642,127.150729,2022.10.18,성남-rtbs-319-03.jpeg,
495,경기도,성남시 수정구,수진동,성남-rtbs-320,전봇대,현대청과야채 앞,37.440258,127.132263,2022.10.18,성남-rtbs-320-01.jpeg,
496,경기도,성남시 수정구,수진동,성남-rtbs-320,CCTV,현대청과야채 앞,37.440258,127.132255,2022.10.18,성남-rtbs-320-02.jpeg,
497,경기도,성남시 수정구,수진동,성남-rtbs-320,가로등,현대청과야채 앞,37.440264,127.132243,2022.10.18,성남-rtbs-320-03.jpeg,
498,경기도,성남시 수정구,수진동,성남-rtbs-320,가로수,현대청과야채 앞,37.440269,127.132227,2022.10.18,성남-rtbs-320-04.jpeg,
499,경기도,성남시 수정구,수진동,성남-rtbs-320,전봇대,현대청과야채 앞,37.440276,127.132207,2022.10.18,성남-rtbs-320-05.jpeg,
500,경기도,성남시 수정구,수진동,성남-rtbs-321,교통표지판,예스마트앞,37.437628,127.133211,2022.10.18,성남-rtbs-321-01.jpeg,
501,경기도,성남시 수정구,수진동,성남-rtbs-321,전봇대,예스마트앞,37.437637,127.133205,2022.10.18,성남-rtbs-321-02.jpeg,
502,경기도,성남시 수정구,수진동,성남-rtbs-321,기둥,예스마트앞,37.43765,127.133199,2022.10.18,성남-rtbs-321-03.jpeg,
503,경기도,성남시 중원구,도촌동,성남-rtbs-322,신호등,이왕이공원 뒷편,37.412562,127.163221,2022.10.18,성남-rtbs-322-01.jpeg,
504,경기도,성남시 중원구,도촌동,성남-rtbs-322,신호등,이왕이공원 뒷편,37.412544,127.163251,2022.10.18,성남-rtbs-322-02.jpeg,
505,경기도,성남시 중원구,도촌동,성남-rtbs-323,신호등,롯데리아 도촌점 앞,37.416541,127.151002,2022.10.18,성남-rtbs-323-01.jpeg,
506,경기도,성남시 중원구,도촌동,성남-rtbs-323,신호등,롯데리아 도촌점 앞,37.416581,127.151071,2022.10.18,성남-rtbs-323-02.jpeg,
507,경기도,성남시 중원구,상대원동,성남-rtbs-325,신호등,아침주식회사 앞,37.439628,127.176192,2022.10.25,성남-rtbs-325-01.jpeg,
508,경기도,성남시 중원구,상대원동,성남-rtbs-325,신호등,아침주식회사 앞,37.439651,127.176223,2022.10.25,성남-rtbs-325-02.jpeg,
509,경기도,성남시 수정구,수진동,성남-rtbs-326,전봇대,수진119안전센터 앞,37.436483,127.133748,2022.10.18,성남-rtbs-326-01.jpeg,
510,경기도,성남시 수정구,수진동,성남-rtbs-327,전봇대,조흥빌딩 앞,37.438953,127.132603,2022.10.18,성남-rtbs-327-01.jpeg,
511,경기도,성남시 수정구,수진동,성남-rtbs-327,CCTV,조흥빌딩 앞,37.438937,127.132603,2022.10.18,성남-rtbs-327-02.jpeg,
512,경기도,성남시 수정구,수진동,성남-rtbs-328,가로수,성체유치원 정문,37.439107,127.137747,2022.10.21,성남-rtbs-328-01.jpeg,
513,경기도,성남시 수정구,수진동,성남-rtbs-328,이정표,성체유치원 정문,37.439098,127.137761,2022.10.21,성남-rtbs-328-02.jpeg,
514,경기도,성남시 중원구,상대원동,성남-rtbs-329,신호등,타이어프로 맞은편,37.432104,127.167271,2022.10.21,성남-rtbs-329-01.jpeg,
515,경기도,성남시 중원구,상대원동,성남-rtbs-329,가로수,타이어프로 맞은편,37.432102,127.167282,2022.10.21,성남-rtbs-329-02.jpeg,
516,경기도,성남시 중원구,상대원동,성남-rtbs-329,가로등,타이어프로 맞은편,37.432077,127.167321,2022.10.21,성남-rtbs-329-03.jpeg,
517,경기도,성남시 중원구,상대원동,성남-rtbs-330,신호등,성남성심연합영상의원 앞,37.433572,127.160106,2022.10.27,성남-rtbs-330-01.jpeg,
518,경기도,성남시 중원구,상대원동,성남-rtbs-330,가로등,성남성심연합영상의원 앞,37.433576,127.160084,2022.10.27,성남-rtbs-330-02.jpeg,
519,경기도,성남시 중원구,상대원동,성남-rtbs-330,가로수,성남성심연합영상의원 앞,37.433605,127.160002,2022.10.27,성남-rtbs-330-03.jpeg,
520,경기도,성남시 중원구,상대원동,성남-rtbs-330,가로등,성남성심연합영상의원 앞,37.433614,127.159982,2022.10.27,성남-rtbs-330-04.jpeg,
521,경기도,성남시 중원구,상대원동,성남-rtbs-330,교통신호제어기,성남성심연합영상의원 앞,37.433628,127.159948,2022.10.27,성남-rtbs-330-05.jpeg,
522,경기도,성남시 중원구,상대원동,성남-rtbs-330,가로수,성남성심연합영상의원 앞,37.433644,127.159921,2022.10.27,성남-rtbs-330-06.jpeg,
523,경기도,성남시 중원구,상대원동,성남-rtbs-330,가로등,성남성심연합영상의원 앞,37.433657,127.159895,2022.10.27,성남-rtbs-330-07.jpeg,
524,경기도,성남시 중원구,상대원동,성남-rtbs-330,얇은 가로등,성남성심연합영상의원 앞,37.433666,127.159875,2022.10.27,성남-rtbs-330-08.jpeg,
525,경기도,성남시 수정구,시흥동,성남-rtbs-331,CCTV,대지공인중개사사무소 앞,37.422199,127.105101,2022.10.19,성남-rtbs-331-01.jpeg,
526,경기도,성남시 수정구,시흥동,성남-rtbs-331,전봇대,대지공인중개사사무소 앞,37.422197,127.105124,2022.10.19,성남-rtbs-331-02.jpeg,
527,경기도,성남시 수정구,시흥동,성남-rtbs-331,기둥,대지공인중개사사무소 앞,37.422197,127.105138,2022.10.19,성남-rtbs-331-03.jpeg,
528,경기도,성남시 수정구,시흥동,성남-rtbs-332,전봇대,스퀘어스포츠 앞,37.420601,127.101936,2022.10.19,성남-rtbs-332-01.jpeg,
529,경기도,성남시 수정구,시흥동,성남-rtbs-332,가로등,스퀘어스포츠 앞,37.420614,127.101933,2022.10.19,성남-rtbs-332-02.jpeg,
530,경기도,성남시 수정구,시흥동,성남-rtbs-332,신호등,스퀘어스포츠 앞,37.420628,127.101927,2022.10.19,성남-rtbs-332-03.jpeg,
531,경기도,성남시 수정구,신촌동,성남-rtbs-334,전신주,줄리스리얼티앤리로케이션부동산중개법인 앞,37.458227,127.107155,2022.10.19,성남-rtbs-334-01.jpeg,
532,경기도,성남시 수정구,신흥동,성남-rtbs-336,차양막,두산아파트 103동 뒷편,37.444868,127.148248,2022.10.20,성남-rtbs-336-01.jpeg,
533,경기도,성남시 수정구,신흥동,성남-rtbs-336,가로등,두산아파트 103동 뒷편,37.444879,127.148234,2022.10.20,성남-rtbs-336-02.jpeg,
534,경기도,성남시 수정구,신흥동,성남-rtbs-336,가로수,두산아파트 103동 뒷편,37.444888,127.148217,2022.10.20,성남-rtbs-336-03.jpeg,
535,경기도,성남시 수정구,신흥동,성남-rtbs-336,보안등,두산아파트 103동 뒷편,37.444897,127.148191,2022.10.20,성남-rtbs-336-04.jpeg,
536,경기도,성남시 수정구,신흥동,성남-rtbs-337,상수도 구역유량계,성남북초등학교 건너편,37.451727,127.149925,2022.10.26,성남-rtbs-337-01.jpeg,
537,경기도,성남시 수정구,신흥동,성남-rtbs-337,전신주,성남북초등학교 건너편,37.451731,127.149934,2022.10.26,성남-rtbs-337-02.jpeg,
538,경기도,성남시 수정구,신흥동,성남-rtbs-337,가로수,성남북초등학교 건너편,37.451727,127.149954,2022.10.26,성남-rtbs-337-03.jpeg,
539,경기도,성남시 수정구,신흥동,성남-rtbs-337,신호등,성남북초등학교 건너편,37.451715,127.149965,2022.10.26,성남-rtbs-337-04.jpeg,
540,경기도,성남시 수정구,신흥동,성남-rtbs-341,가로등,신흥제9공영주차장 앞,37.443359,127.142674,2022.10.26,성남-rtbs-341-01.jpeg,
541,경기도,성남시 수정구,신흥동,성남-rtbs-341,이정표,신흥제9공영주차장 앞,37.443347,127.142679,2022.10.26,성남-rtbs-341-02.jpeg,
542,경기도,성남시 수정구,신흥동,성남-rtbs-342,가로수,수정 청소년 수련관 앞,37.442039,127.136318,2022.10.24,성남-rtbs-342-01.jpeg,
543,경기도,성남시 수정구,신흥동,성남-rtbs-342,이정표,수정 청소년 수련관 앞,37.442057,127.136309,2022.10.24,성남-rtbs-342-02.jpeg,
544,경기도,성남시 수정구,신흥동,성남-rtbs-342,가로등,수정 청소년 수련관 앞,37.442102,127.136354,2022.10.24,성남-rtbs-342-03.jpeg,
545,경기도,성남시 수정구,신흥동,성남-rtbs-342,가로수,수정 청소년 수련관 앞,37.442156,127.136405,2022.10.24,성남-rtbs-342-04.jpeg,
546,경기도,성남시 수정구,신흥동,성남-rtbs-344,교통표지판,더타이어샵 수정점 앞,37.444774,127.144078,2022.10.25,성남-rtbs-344-01.jpeg,
547,경기도,성남시 수정구,신흥동,성남-rtbs-344,가로수,더타이어샵 수정점 앞,37.444792,127.144095,2022.10.25,성남-rtbs-344-02.jpeg,
548,경기도,성남시 수정구,신흥동,성남-rtbs-346,가로수,태평제일교회 앞,37.447116,127.144345,2022.10.25,성남-rtbs-346-01.jpeg,
549,경기도,성남시 수정구,태평동,성남-rtbs-347,신호등,성남초등학교앞 사거리,37.446338,127.145202,2022.10.25,성남-rtbs-347-01.jpeg,
550,경기도,성남시 수정구,태평동,성남-rtbs-347,가로수,성남초등학교앞 사거리,37.446327,127.145225,2022.10.25,성남-rtbs-347-02.jpeg,
551,경기도,성남시 수정구,태평동,성남-rtbs-347,가로등,성남초등학교앞 사거리,37.446306,127.145242,2022.10.25,성남-rtbs-347-03.jpeg,
552,경기도,성남시 수정구,태평동,성남-rtbs-347,가로수,성남초등학교앞 사거리,37.446295,127.14525,2022.10.25,성남-rtbs-347-04.jpeg,
553,경기도,성남시 수정구,태평동,성남-rtbs-347,신호등,성남초등학교앞 사거리,37.446282,127.145239,2022.10.25,성남-rtbs-347-05.jpeg,
554,경기도,성남시 수정구,태평동,성남-rtbs-348,신호등,아이리라 어린이집 앞,37.448575,127.142893,2022.10.25,성남-rtbs-348-01.jpeg,
555,경기도,성남시 중원구,상대원동,성남-rtbs-349,전봇대,상대원1동행정복지센터 앞,37.433075,127.164259,2022.10.21,성남-rtbs-349-01.jpeg,
556,경기도,성남시 수정구,신흥동,성남-rtbs-350,신호등,신흥청구타운아파트 경로당 뒷편,37.444089,127.149749,2022.10.20,성남-rtbs-350-01.jpeg,
557,경기도,성남시 수정구,신흥동,성남-rtbs-351,신호등,한신아파트 뒤,37.445802,127.151843,2022.10.20,성남-rtbs-351-01.jpeg,
558,경기도,성남시 수정구,신흥동,성남-rtbs-351,전신주,한신아파트 뒤,37.445802,127.151837,2022.10.20,성남-rtbs-351-02.jpeg,
559,경기도,성남시 수정구,신흥동,성남-rtbs-352,전봇대,원타임 성남수진점 앞,37.440895,127.144087,2022.10.26,성남-rtbs-352-01.jpeg,
560,경기도,성남시 중원구,갈현동,성남-rtbs-353,가로수,신호등 좌측,37.420697,127.182839,2022.10.21,성남-rtbs-353-01.jpeg,
561,경기도,성남시 중원구,갈현동,성남-rtbs-353,신호등,성남시장례식장 주차장 앞,37.42071,127.182834,2022.10.21,성남-rtbs-353-02.jpeg,
562,경기도,성남시 수정구,양지동,성남-rtbs-356,가로등,세븐일레븐 성남양지2호점 앞,37.45721,127.163251,2022.10.21,성남-rtbs-356-01.jpeg,
563,경기도,성남시 수정구,양지동,성남-rtbs-356,교통신호제어기,세븐일레븐 성남양지3호점 앞,37.457208,127.163265,2022.10.21,성남-rtbs-356-02.jpeg,
564,경기도,성남시 수정구,양지동,성남-rtbs-356,가로수,세븐일레븐 성남양지4호점 앞,37.457219,127.163285,2022.10.21,성남-rtbs-356-03.jpeg,
565,경기도,성남시 수정구,양지동,성남-rtbs-356,표지판,세븐일레븐 성남양지5호점 앞,37.457203,127.163287,2022.10.21,성남-rtbs-356-04.jpeg,
566,경기도,성남시 수정구,단대동,성남-rtbs-358,입간판,부동산여기로 공인중개사사무소 앞,37.457019,127.159268,2022.10.27,성남-rtbs-358-01.jpeg,
567,경기도,성남시 수정구,단대동,성남-rtbs-358,가로수,부동산여기로 공인중개사사무소 앞,37.456974,127.159318,2022.10.27,성남-rtbs-358-02.jpeg,
568,경기도,성남시 수정구,단대동,성남-rtbs-358,지시표지판,부동산여기로 공인중개사사무소 앞,37.456958,127.159332,2022.10.27,성남-rtbs-358-03.jpeg,
569,경기도,성남시 중원구,금광동,성남-rtbs-360,신호등,금상초등학교 앞,37.442618,127.166079,2022.10.20,성남-rtbs-360-01.jpeg,
570,경기도,성남시 수정구,은행동,성남-rtbs-362,표지판,은행시장약국 앞,37.457882,127.164329,2022.10.21,성남-rtbs-362-01.jpeg,
571,경기도,성남시 수정구,은행동,성남-rtbs-362,신호등,은행시장약국 앞,37.45788,127.164374,2022.10.21,성남-rtbs-362-02.jpeg,
572,경기도,성남시 수정구,은행동,성남-rtbs-363,신호등,LG유플러스 은행동은행시장점 앞,37.455198,127.16204,2022.10.27,성남-rtbs-363-01.jpeg,
573,경기도,성남시 수정구,창곡동,성남-rtbs-364,화분,사임당 앞,37.467246,127.13779,2022.10.24,성남-rtbs-364-01.jpeg,
574,경기도,성남시 중원구,금광동,성남-rtbs-365,화분,은행동현대아파트정문 앞,37.450378,127.163052,2022.10.19,성남-rtbs-365-01.jpeg,
575,경기도,성남시 수정구,창곡동,성남-rtbs-366,신호등,위례자연앤래미안 E편한세상 앞,37.466915,127.148757,2022.10.24,성남-rtbs-366-01.jpeg,
576,경기도,성남시 수정구,수진동,성남-rtbs-367,전봇대,더페이스샵 성남중앙점 앞,37.441322,127.13357,2022.10.25,성남-rtbs-367-01.jpeg,
577,경기도,성남시 수정구,수진동,성남-rtbs-367,가로수,더페이스샵 성남중앙점 앞,37.441317,127.133556,2022.10.25,성남-rtbs-367-02.jpeg,
578,경기도,성남시 수정구,태평동,성남-rtbs-369,전봇대,신전떡볶이 태평점,37.444368,127.135022,2022.10.24,성남-rtbs-369-01.jpeg,
579,경기도,성남시 수정구,태평동,성남-rtbs-369,CCTV,신전떡볶이 태평점,37.444368,127.135025,2022.10.24,성남-rtbs-369-02.jpeg,
580,경기도,성남시 수정구,태평동,성남-rtbs-370,신호등,이마트 R태평오거리점 앞,37.446211,127.13415,2022.10.24,성남-rtbs-370-01.jpeg,
581,경기도,성남시 수정구,태평동,성남-rtbs-370,전신주,이마트 R태평오거리점 앞,37.446196,127.13415,2022.10.24,성남-rtbs-370-02.jpeg,
582,경기도,성남시 수정구,태평동,성남-rtbs-370,가로등,이마트 R태평오거리점 앞,37.446178,127.134135,2022.10.24,성남-rtbs-370-03.jpeg,
583,경기도,성남시 중원구,금광동,성남-rtbs-371,교통표지판,중부초등학교 맞은편,37.45076,127.165747,2022.10.17,성남-rtbs-371-01.jpeg,
584,경기도,성남시 중원구,금광동,성남-rtbs-371,신호등,중부초등학교 맞은편,37.450735,127.165795,2022.10.17,성남-rtbs-371-02.jpeg,
585,경기도,성남시 중원구,금광동,성남-rtbs-371,신호등,중부초등학교 맞은편,37.450714,127.16584,2022.10.17,성남-rtbs-371-03.jpeg,
586,경기도,성남시 수정구,태평동,성남-rtbs-372,전봇대,세븐일레븐 앞,37.444723,127.12981,2022.10.18,성남-rtbs-372-01.jpeg,
587,경기도,성남시 수정구,태평동,성남-rtbs-373,가로등,성남서초등학교 대각선 맞은편,37.447925,127.12842,2022.10.18,성남-rtbs-373-01.jpeg,
588,경기도,성남시 수정구,태평동,성남-rtbs-373,전봇대,성남서초등학교 대각선 맞은편,37.447909,127.128437,2022.10.18,성남-rtbs-373-02.jpeg,
589,경기도,성남시 수정구,태평동,성남-rtbs-375,표지판,태평3동 행정복지센터 앞,37.445575,127.132753,2022.10.24,성남-rtbs-375-01.jpeg,
590,경기도,성남시 수정구,태평동,성남-rtbs-375,전신주,태평4동 행정복지센터 앞,37.445591,127.132776,2022.10.24,성남-rtbs-375-02.jpeg,
591,경기도,성남시 중원구,금광동,성남-rtbs-377,전봇대,성남 중앙병원,37.453513,127.161953,2022.10.18,성남-rtbs-377-01.jpeg,
592,경기도,성남시 수정구,수진동,성남-rtbs-379,이정표,몽뻬르 과자점 앞,37.440352,127.130292,2022.10.24,성남-rtbs-379-01.jpeg,
593,경기도,성남시 수정구,수진동,성남-rtbs-379,가로수,몽뻬르 과자점 앞,37.440372,127.130337,2022.10.24,성남-rtbs-379-02.jpeg,
594,경기도,성남시 중원구,금광동,성남-rtbs-380,제어기,금광중 정문,37.44625,127.170837,2022.10.17,성남-rtbs-380-01.jpeg,
595,경기도,성남시 중원구,금광동,성남-rtbs-380,신호등,금광중 정문,37.446252,127.170879,2022.10.17,성남-rtbs-380-02.jpeg,
596,경기도,성남시 중원구,금광동,성남-rtbs-380,그늘막,금광중 정문,37.446258,127.170913,2022.10.17,성남-rtbs-380-03.jpeg,
597,경기도,성남시 중원구,금광동,성남-rtbs-381,제어기,대원중학교 광명로 방향,37.44781,127.172925,2022.10.17,성남-rtbs-381-01.jpeg,
598,경기도,성남시 중원구,금광동,성남-rtbs-381,신호등,대원중학교 광명로 방향,37.447814,127.17292,2022.10.17,성남-rtbs-381-02.jpeg,
599,경기도,성남시 중원구,금광동,성남-rtbs-381,그늘막,대원중학교 광명로 방향,37.447805,127.17288,2022.10.17,성남-rtbs-381-03.jpeg,
600,경기도,성남시 수정구,태평동,성남-rtbs-382,전신주,GS25 성남한전점 옆,37.443089,127.130672,2022.10.21,성남-rtbs-382-01.jpeg,