업체명,평일운영시작시각,평일운영종료시각
㈜지엠물류,9:00,18:00
㈜지엠물류,9:00,18:00
㈜지엠물류,9:00,18:00
누리렌트카㈜,9:00,18:00
누리렌트카㈜,9:00,18:00
대경렌트카㈜,9:00,18:00
㈜대원렌트카,9:00,18:00
대전렌트카㈜,9:00,18:00
대전렌트카㈜,9:00,18:00
대전렌트카㈜,9:00,18:00
대전렌트카㈜,9:00,18:00
㈜둔산렌트카,9:00,18:00
㈜둔산렌트카,9:00,18:00
㈜리렌트카,9:00,18:00
㈜블루스카이,9:00,18:00
㈜블루스카이,9:00,18:00
㈜비엘렌트카,9:00,18:00
㈜비엘렌트카,9:00,18:00
㈜비엘렌트카,9:00,18:00
베스트렌트카,7:00,19:00
오산렌터카,7:00,19:00
에이제이렌터카,7:00,19:00
㈜굿초이스,9:00,18:00
에쓰렌트카㈜,9:00,18:00
에쓰렌트카㈜,9:00,18:00
㈜제주아산렌트카,7:45,20:00
한국렌트카㈜,7:45,20:00
㈜탐라렌트카,7:45,20:00
㈜써니빌렌트카,7:45,20:00
㈜용두암렌트카,7:45,20:00
㈜장수렌트카,7:45,20:00
㈜가자제주렌트카,7:45,20:00
오름렌트카㈜,7:45,20:00
제주렌트카㈜,7:45,20:00
㈜에스엠프리미엄렌트카,8:30,18:00
㈜에이플러스렌트카,9:00,20:00
㈜엠앤씨렌트카,0:00,12:00
㈜지니렌터카,9:00,19:00
㈜창희렌트카,9:00,18:00
㈜케이에이치렌트카,9:00,18:00
㈜케이투렌트카,9:00,18:00
㈜퍼스트렌터카,9:00,19:00
(주)차렌터카(송도신도시),9:00,18:00
(주)나라렌터카,8:00,20:00
㈜건아렌트카,8:30,19:00
(주)엠케이렌트카,9:00,18:00
(합)나우렌트카,9:00,18:00
롯데렌탈㈜,9:00,18:00
㈜참신렌트카여행사,9:00,18:00
다카렌터카㈜,9:00,18:00
투투렌트카(유),9:00,18:00
㈜포유 유성지점,9:00,18:00
㈜프린스렌트카,9:00,18:00
기아㈜,9:00,18:00
㈜선우렌트카,9:00,18:00
㈜선우렌트카,9:00,18:00
㈜아마존카,9:00,18:00
㈜아이렌트카 대덕지점,9:00,18:00
㈜아이렌트카 대덕지점,9:00,18:00
㈜참신렌트카여행사,9:00,18:00
㈜포유,9:00,18:00
(주)제이티렌트카,9:00,18:00
우리캐피탈렌터카(주),9:00,18:00
수렌트카(주),9:00,18:00
(주)유카,9:00,18:00
(주)타고타,9:00,18:00
에스케이렌터카㈜,9:00,18:00
㈜저스트렌트카,9:00,18:00
㈜조은렌트카,9:00,18:00
지에스렌트카㈜ 서구지점,9:00,18:00
㈜터미널렌트카,9:00,18:00
㈜가인렌트카,9:00,18:00
롯데렌탈㈜,9:00,18:00
디에이치렌트카㈜,9:00,18:00
디에이치렌트카㈜,9:00,18:00
㈜레드캡투어,9:00,18:00
마스타자동차관리㈜,9:00,18:00
마춤카㈜,9:00,18:00
㈜삼성렌트카,9:00,18:00
㈜삼성렌트카,9:00,18:00
㈜쏘카,9:00,18:00
㈜아이렌트카 유성지점,9:00,18:00
㈜아이렌트카 유성지점,9:00,18:00
㈜안전렌터카 유성지점,9:00,18:00
㈜제트카,9:00,18:00
㈜제트카,9:00,18:00
케이카㈜,9:00,18:00
㈜알앤에이,9:00,18:00
㈜에이치케이렌터카,9:00,18:00
㈜우등렌트카,9:00,18:00
이토이렌트카㈜,9:00,18:00
㈜하이렌터카 동구지점,9:00,18:00
(자)기풍렌트카,9:00,18:00
㈜하이렌터카 중구지점,9:00,18:00
㈜가가렌트카,9:00,18:00
㈜넘버원렌트카,9:00,18:00
롯데렌탈㈜,9:00,18:00
롯데렌탈㈜,9:00,18:00
롯데렌탈㈜,9:00,18:00
롯데렌탈㈜,9:00,18:00
롯데렌탈㈜,9:00,18:00
센트럴렌트카㈜,9:00,18:00
스마트렌트카㈜,9:00,18:00
㈜이렌트카,9:00,18:00
㈜이렌트카,9:00,18:00
에스케이렌터카㈜,9:00,18:00
(주)오케이렌트카,9:00,19:00
㈜한진렌트카,9:00,19:00
㈜현대렌트카,9:00,19:00
㈜명가렌트카,9:00,19:00
㈜경일알씨,9:00,19:00
기풍렌트카,9:00,18:00
기풍렌트카,9:00,18:00
기풍렌트카,9:00,18:00
기풍렌트카,9:00,18:00
기풍렌트카,9:00,18:00
기풍렌트카,9:00,18:00
기풍렌트카,9:00,18:00
㈜용인렌트카,9:00,23:00
브이아이피렌트카㈜,8:30,21:00
인천모빌리티사업협동조합,9:00,21:00
(주)제이엠렌터카,10:00,18:00
㈜차렌터카,9:00,19:00
마춤카㈜,9:00,18:00
㈜나이스렌트카,9:00,19:00
㈜이화렌트카,9:00,19:00
㈜하나로렌트카,0:00,23:59
㈜더세이프렌터카,7:45,20:00
㈜아리랑,7:45,20:00
㈜천지렌트카,9:00,18:00
독도렌트카㈜,9:00,19:00
㈜울릉도공항렌트카,9:00,19:00
(주)콜렌트카,9:00,19:00
㈜천지렌트카,9:00,18:00
㈜천지렌트카,9:00,18:00
㈜천지렌트카,9:00,18:00
초이스렌트카(주) 가평영업소,9:00,20:00
(주)쏘카 가평영업소(무인영업소),0:00,23:59
엠티렌터카,9:30,19:00
팔도렌트카,8:30,20:00
팔도렌트카,8:30,20:00
이렌트카,9:00,21:00
신현대렌트카,9:00,18:00
경인렌트카,9:00,18:00
경인렌트카,9:00,18:00
가나다렌트카,9:00,19:00
가나다렌트카,9:00,18:00
에이스랜트㈜,9:00,18:00
(합)오토렌터카 구미지점,9:00,22:00
㈜국제렌터카,8:30,19:00
㈜드림관광렌트카,9:00,18:00
대한렌트카㈜ 홍천제2영업소,0:00,23:59
(합)주성렌트카 홍천영업소,8:00,18:00
SK렌트카 홍천영업소,8:30,19:00
㈜쏘카,0:00,23:59
영일산업㈜렌트카 홍천영업소,8:30,18:00
㈜하늘렌터카,7:00,20:00
(자)기풍렌트카 청양영업소,0:00,23:59
한일렌터카,0:00,23:59
제너스렌트카(주) 가평렌트카,9:00,20:00
오토월드㈜렌트카,8:00,20:00
㈜한성렌터카,9:00,21:00
㈜신우렌트카,8:00,18:00
㈜글로벌렌트카,9:00,18:00
㈜광명렌트카 홍천영업소,6:00,23:00
대한렌트카㈜ 홍천영업소,0:00,23:59
㈜에이치에스렌트카,9:00,18:00
(주)백운렌트카,9:00,18:00
(주)조은렌트카,9:00,18:00
(주)수성렌트카,9:00,19:00
(주)뉴신화렌트카,8:30,20:00
(주)한화렌트카,9:00,20:00
(주)초원렌트카,0:00,23:59
(주)광조렌트카,0:00,23:59
(주)바른렌트카,0:00,23:59
쏘카,9:00,21:00
에스케이렌터카,9:00,21:00
보람렌트카,9:00,21:00
솔렌트카,9:00,21:00
신형렌트카,9:00,21:00
애니렌트카,9:00,21:00
롯데렌탈,9:00,21:00
엠케이렌트카,9:00,21:00
신한렌트카,19:00,18:00
태진렌트카,19:00,18:00
제트카㈜,9:00,18:00
제트카㈜,9:00,18:00
제트카㈜,9:00,18:00
제트카㈜,9:00,18:00
제트카㈜,9:00,18:00
제트카㈜,9:00,18:00
선우렌트카㈜,9:00,18:00
(자)주성렌트카,9:00,18:00
㈜경희렌트카,9:00,18:00
㈜굿모닝산업,0:00,23:59
㈜금강렌트카,8:30,19:30
㈜모두렌트카,8:30,19:00
㈜몬스터,9:00,18:00
㈜지렌탈,8:30,20:00
㈜솜렌트카,9:00,18:00
㈜아이카,8:30,18:30
㈜에버,9:00,18:00
㈜에스에이렌터카,9:00,18:00
칠성주차장 카셰어링(예약소),10:00,23:59
한국전자금융(리엔포레오피스텔)카셰어링,10:00,23:59
홈플러스김포점카셰어링,10:00,23:59
㈜에스에이치오토렌탈,10:00,23:59
㈜오토매니지먼트렌터카,10:00,23:59
그린카㈜ 김포영업소,10:00,23:59
㈜번영렌트카,9:00,18:00
㈜번영렌트카,9:00,18:00
㈜번영렌트카,9:00,18:00
㈜스마트렌트카,9:00,18:00
㈜스마트렌트카,9:00,18:00
㈜에스제이모터스,9:00,18:00
㈜에스제이모터스,9:00,18:00
㈜에스제이모터스,9:00,18:00
㈜에스제이모터스,9:00,18:00
㈜에이치에스렌트카,9:00,18:00
㈜서현렌트카,9:00,18:00
아리랑카 주식회사,10:00,18:00
㈜렌트카킹,9:00,18:00
㈜한일렌트,9:00,18:00
에이제이렌터카㈜,10:00,23:59
에이제이렌터카㈜ 김포예약소,10:00,23:59
오름렌트카㈜,10:00,23:59
장기1공영주차장 카셰어링(예약소),10:00,23:59
장기2공영주차장 카셰어링(예약소),10:00,23:59
장기음식주차타운 카셰어링(예약소),10:00,23:59
㈜건웅종합관리 카셰어링(예약소),10:00,23:59
㈜고고렌터카,10:00,23:59
㈜뉴오렌지렌트카,10:00,23:59
㈜래디우스랩(김포나비3 영업소),10:00,23:59
㈜레드캡투어,10:00,23:59
㈜렌탈포유렌트카,10:00,23:59
㈜쏘카,10:00,23:59
㈜포시즌렌트카,10:00,23:59
㈜피제이렌트카,10:00,23:59
㈜피제이렌트카,10:00,23:59
㈜가가렌트카,8:00,19:00
선경렌트카,9:00,22:00
그린랜트,9:00,22:00
해원렌트카,9:00,19:00
해원렌트카,9:00,19:00
(합)미래렌트카,10:00,18:00
가가렌트카,0:00,0:00
가가렌트카(중화),0:00,0:00
영일산업㈜ 칠곡영업소,9:00,20:00
㈜뉴그린렌터카 칠곡영업소,0:00,23:59
롯데마포-김포카셰어링(예약소),10:00,23:59
르노삼성김포 카셰어링(예약소),10:00,23:59
쉐보레김포 카셰어링(예약소),10:00,23:59
신김포[1](예약소),10:00,23:59
신원렌트카,10:00,23:59
쌍용자동차 김포 카셰어링(예약소),10:00,23:59
대한렌트카(주),9:00,18:00
코바렌트카(주),9:00,18:00
가자렌트카(주),9:00,18:00
(주)현대관광렌트카,9:00,18:00
(주)쏘카,9:00,18:00
그린카㈜,9:00,18:00
(주)프란렌트카,9:00,18:00
㈜위굴리,9:00,18:00
롯데렌터카,9:00,18:00
한진렌트카㈜,9:00,18:00
마스타자동차관리,9:00,18:00
에스케이렌트카,9:00,18:00
해원렌트카,9:00,19:00
에스디렌터카,9:00,18:00
(유)가가렌트카 부안영업소,9:00,18:00
(합)중부가나렌터카 부안영업소,9:00,22:00
(유)진렌트카부안영업소,9:00,19:00
미소렌터카㈜,9:00,18:00
㈜나이스렌트카,9:00,18:00
㈜마이오토링크,9:00,18:00
(주)국화렌트카,9:00,18:00
(주)조은렌트카,9:00,18:00
㈜우리렌트카,9:00,18:00
㈜라이온렌트카,9:00,20:00
㈜모던렌터카,0:00,23:59
블루렌트카㈜,0:00,23:59
㈜서경엔카,8:00,18:00
㈜신세계,8:00,19:00
㈜금호렌터카,9:00,18:00
㈜오토핸즈마이렌터카,8:30,18:30
㈜와이렌트카,9:00,19:00
㈜카일이삼제스퍼,9:00,18:00
㈜한울렌터카,9:00,19:00
지에스렌탈㈜,9:00,18:00
(주)뉴그린렌트카,9:00,20:00
(주)드림렌트카,9:00,18:00
정도인터내셔널㈜,7:00,21:00
㈜한국씨엔씨,9:00,18:00
㈜나라렌트,9:00,18:00
㈜나라렌트,9:00,18:00
㈜나래렌트카,9:00,18:00
㈜나래렌트카,9:00,18:00
㈜나래렌트카,9:00,18:00
㈜나래렌트카,9:00,18:00
㈜나래렌트카,9:00,18:00
㈜내셔널렌트카,9:00,18:00
㈜내셔널렌트카,9:00,18:00
마이오토㈜,9:00,18:00
마이오토㈜,9:00,18:00
마이오토㈜,9:00,18:00
소망렌트카㈜,9:00,18:00
㈜프로렌트카,9:00,18:00
㈜경희렌트카,9:00,18:00
베스트렌트카㈜,9:00,18:00
비마이카㈜,9:00,18:00
㈜강남렌트카,9:00,18:00
㈜번영렌트카,9:00,18:00
㈜번영렌트카,9:00,18:00
㈜청명렌트카,9:00,18:00
㈜현대렌트카,9:00,19:00
㈜현대렌트카,9:00,19:00
㈜우성렌터카,9:00,23:00
㈜한지렌트카,8:30,18:30
㈜한지렌트카,8:30,18:30
㈜한지렌트카,8:30,18:30
브이아이피렌트카㈜,9:00,18:00
㈜한진렌트카,8:30,18:30
㈜한진렌트카,8:30,18:30
엠알렌트카㈜,9:00,18:00
㈜명성렌트카,8:00,22:00
㈜나라렌터카,7:00,22:00
(유)행복렌트카,9:00,23:59
주식회사 에프씨엠,9:00,18:00
㈜금미렌트카,9:30,20:00
㈜카렌트카,8:00,20:00
㈜스카이,8:00,20:00
㈜하이카세상,8:30,19:00
효성렌트카㈜,8:00,20:00
㈜경도렌트카,9:00,18:00
㈜미래렌트카,9:00,18:00
㈜화성렌트카,9:00,18:00
(주)타고렌트카,9:00,18:00
㈜투어스태프,9:00,18:00
마이오토링크 주식회사,9:00,18:00
(유)오렌지렌트카,9:00,18:00
(유)아산렌트카,8:00,20:00
(주)에이블러스,9:00,18:00
(주)퍼스트 더원,9:00,18:00
알씨아이파이낸셜서비스코리아㈜,9:00,18:00
㈜뉴현대드림렌트카,9:00,18:00
㈜덕창렌트카,8:30,20:00
㈜뉴국제렌트카,9:00,18:00
㈜렌고,9:00,18:00
유카네트웍스㈜,9:00,18:00
㈜응카,9:00,18:00
㈜케이제이렌트카,9:00,18:00
㈜에스엔비렌터카,9:00,18:00
㈜케이참신렌트카,9:00,18:00
㈜청주제일,9:00,18:00
㈜타라고,9:00,18:00
베스트렌트카㈜,9:00,18:00
(자)기풍렌트카,9:00,18:00
㈜조은렌트카,9:00,18:00
㈜스마트렌트카,9:00,18:00
SK렌터카,9:00,18:00
㈜레드캡투어,9:00,18:00
(주)리렌트카,10:00,18:00
㈜한국씨엔씨,9:00,18:00
㈜금호투어렌트카,9:00,18:00
㈜부산스타렌터카,9:00,18:00
비엔케이캐피탈㈜,9:00,18:00
㈜비에스렌터카,9:00,18:00
신영렌트카㈜,9:00,18:00
㈜뉴굿타임렌트카,9:00,18:00
㈜바이펙스,9:00,18:00
㈜더바른렌터카,9:00,18:00
㈜일박이일렌트카,9:00,18:00
㈜대동렌트카,9:00,18:00
㈜붐렌트카,9:00,18:00
현대디씨렌트카,0:00,23:59
로또렌트카,7:00,22:00
현대관광렌트카,0:00,23:59
건아렌트카,0:00,23:59
㈜인스렌터카(예천영업소),9:00,18:00
㈜인스렌터카(새예천영업소),9:00,18:00
㈜삼성렌트카,9:00,18:00
㈜대구렌트카,9:00,18:00
㈜경일알씨,9:00,18:00
㈜글로벌금오렌트카,9:00,18:00
㈜블루렌트카,9:00,18:00
㈜푸른솔관광,9:00,18:00
㈜삼성렌트카,9:00,18:00
㈜디에스오토파이낸셜,9:00,18:00
스타렌트카㈜,9:00,23:59
㈜에이치케이렌터카,9:00,23:59
건아렌터카,9:00,23:59
해피관광렌터카,9:00,23:59
하나렌트카㈜,9:00,18:00
롯데렌탈㈜,8:30,18:00
쏘카㈜,0:00,23:59
㈜현대관광렌트카,10:00,20:00
경일알씨㈜,0:00,23:59
㈜내차처럼렌트카,10:00,20:00
㈜인스렌트카,9:00,0:00
sk렌터카(주),9:00,18:00
솔렌트카(주),9:00,18:00
㈜하나렌트,9:00,18:00
㈜케이투렌트카,9:00,23:59
㈜케이투렌트카,9:00,23:59
㈜부일렌트카,9:00,23:59
대한렌트카㈜,9:00,23:59
㈜진렌트카,9:00,20:00
㈜쏘카,9:00,23:59
㈜로또렌트카,9:00,23:59
㈜로또렌트카,9:00,17:30
㈜로또렌트카,9:00,23:59
㈜스마트렌트카,9:00,18:00
㈜에이엠렌터카,9:00,23:00
㈜독도렌트카,9:00,19:00
㈜뉴대한렌트카,9:00,20:00
지에스렌트카㈜,9:00,20:00
㈜한기련렌트카,9:00,20:00
(유)본렌터카,9:00,23:59
㈜한빛렌트카,9:00,20:00
케이카㈜,9:00,20:00
마스타자동차관리㈜,9:00,20:00
스마트렌트카 지니,9:00,20:00
스마트렌트카 강릉,9:00,20:00
에스케이렌터카 강릉,9:00,20:00
㈜대상렌트카,9:00,23:59
울릉도렌트카㈜,9:00,19:00
울릉도렌트카㈜,9:00,19:00
울릉도렌트카㈜,9:00,19:00
울릉도렌트카㈜,9:00,19:00
㈜뉴명차,9:00,21:00
솔렌트카㈜,9:00,21:00
㈜신화오토렌탈,9:00,21:00
㈜아세아렌트카,9:00,21:00
㈜에이치렌트카,9:00,21:00
㈜에이치씨렌트카,9:00,21:00
㈜새한글로벌렌트카,9:00,21:00
코바렌터카㈜,9:00,23:59
마춤카㈜,9:00,23:59
기아㈜,9:00,20:00
㈜신형렌트카,9:00,23:59
롯데렌탈㈜,9:00,18:00
㈜금강렌트카,8:30,20:00
㈜동양렌트카,9:00,23:59
㈜동양렌트카,9:00,23:59
㈜동양렌트카,9:00,23:59
㈜동양렌트카,9:00,23:59
㈜현대관광렌트카,9:00,23:59
㈜현대관광렌트카,9:00,23:59
㈜현대관광렌트카,9:00,20:00
㈜현대관광렌트카,9:00,20:00
타슈카협동조합,9:00,18:00
타슈카협동조합,9:00,18:00
타슈카협동조합,9:00,18:00
타슈카협동조합,9:00,18:00
타슈카협동조합,9:00,18:00
㈜하나렌트,9:00,18:00
(주)우리렌트카,0:00,23:59
(유)준렌트카,9:00,18:00
(주)아이원렌트카,0:00,23:59
㈜우일렌트카,0:00,23:59
(주)타고,9:00,18:00
에이스랜트(주),9:00,18:00
행운렌트카(주),8:30,20:00
(주)하나렌트카,8:30,19:00
주식회사 더블에이치렌트카,9:00,18:00
장기렌트카(주),9:00,18:00
(주)채움씨앤씨,9:00,18:00
SK네트웍스(주),9:00,18:00
㈜천지렌트카,9:00,18:00
㈜피피카,9:00,18:00
㈜피피카,9:00,18:00
㈜피플카,9:00,18:00
㈜피플카,9:00,18:00
㈜피플카,9:00,18:00
㈜피플카,9:00,18:00
㈜피플카,9:00,18:00
㈜한진렌트카,0:00,0:00
엠제이렌트카㈜,0:00,0:00
㈜아세아렌트카,0:00,0:00
㈜포항알프스,0:00,0:00
(합)우리렌터카,8:00,19:00
㈜휙고,9:00,23:59
케이디에프㈜,9:00,18:00
케이디에프㈜,9:00,18:00
케이디피플㈜,9:00,18:00
코리아렌트㈜,9:00,18:00
코리아렌트㈜,9:00,18:00
㈜중부,9:00,18:00
㈜중부,9:00,18:00
㈜중부,9:00,18:00
㈜중부,9:00,18:00
㈜중부,9:00,18:00
㈜중부,9:00,18:00
케이디에프㈜,9:00,18:00
케이디에프㈜,9:00,18:00
케이디에프㈜,9:00,18:00
굿데이렌트카㈜,9:00,19:00
브이아이피렌트카㈜,0:00,23:59
㈜한진렌트카,0:00,23:59
㈜공항렌트카,9:00,20:00
㈜에스비렌트,9:00,18:00
㈜에스비렌트,9:00,18:00
㈜에스비렌트,9:00,18:00
㈜에이치케이나라렌트카,9:00,18:00
㈜에이치케이나라렌트카,9:00,18:00
㈜오케이렌터카,9:00,18:00
㈜오케이렌터카,9:00,18:00
㈜우리렌트,9:00,18:00
㈜우리렌트,9:00,18:00
㈜우리렌트,9:00,18:00
㈜제일렌트카,9:00,18:00
스피드원렌트카,9:00,18:00
씨앤에이치프리미어렌탈,9:00,18:00
아이언렌트카,9:00,18:00
에스카테크,9:00,18:00
와이엔케이글로벌,9:00,18:00
월드카익스프레스,9:00,18:00
위너스앤파트너스,9:00,18:00
이안카,9:00,18:00
이지원카,9:00,18:00
인지카,9:00,18:00
(주)퍼스트렌트카,9:00,18:00
(주)나들이렌트카,9:00,18:00
(주)세진렌트카,9:00,18:00
(주)포유,9:00,18:00
(주)한마음렌트카,9:00,18:00
(주)채움렌트카,9:00,18:00
(주)디앤알,9:00,18:00
(주)제일렌트카,9:00,18:00
지원렌터카(주),9:00,18:00
삼화렌트카,0:00,23:59
태산렌트카,0:00,23:59
드림렌트카,0:00,23:59
㈜케이렌트카,9:00,20:00
㈜마이카렌트카,9:00,18:00
㈜중호렌트카,9:00,19:00
㈜신한렌터카,9:00,20:00
㈜피제이렌트카,9:00,19:00
세븐렌탈㈜,9:00,18:00
㈜씨앤피렌터카,9:00,18:00
㈜한빛이엔지,9:00,21:00
㈜에이치케이렌터카,9:00,18:00
하나렌트카㈜,8:30,20:00
제트렌트카,9:00,18:00
블루렌트,9:00,18:00
가온렌트카,9:00,18:00
경우렌트카,9:00,18:00
에이스렌터카,9:00,18:00
어썸렌터카,9:00,22:00
그린렌트카,9:00,18:00
우수렌트카,9:00,18:00
(유)이지렌트카,10:00,22:00
롯데렌탈(주),10:00,18:00
(유)태양렌트카,9:00,22:00
삼성렌트카,8:30,19:00
하이렌트카,8:30,19:00
㈜제이케이비,9:00,19:00
준카 주식회사,9:00,19:00
㈜쓰리케이스컴퍼니,9:00,19:00
㈜하이원렌터카,9:00,19:00
㈜아이팩,9:00,19:00
㈜케이비넘버원렌트카,9:00,18:00
㈜스마트렌트카,9:00,18:00
㈜쏘카(롯데마트웅상점),0:00,23:59
㈜쏘카(물금신도시),0:00,23:59
㈜쏘카(물금역맞은편),0:00,23:59
㈜쏘카(메가박스양선점앞),0:00,23:59
㈜쏘카(양산덕계동),0:00,23:59
㈜쏘카(남양산역3번출구),0:00,23:59
㈜쏘카(전자랜드양산점),0:00,23:59
㈜신세계렌트카산업,9:00,18:00
에스더블유모터스㈜,9:00,18:00
에스더블유모터스㈜,9:00,18:00
㈜케이에스모빌리티,9:00,18:00
㈜더휴먼카,9:00,18:00
초이스렌트카(주),9:00,19:00
(주)삼원렌트카,0:00,23:59
(주)전진렌터카,0:00,23:59
씨에이치랜드(주),0:00,23:59
(주)렌트카코아,0:00,23:59
(주)모두카,0:00,23:59
(주)반디렌터카,0:00,23:59
아이엠에스원(주),0:00,23:59
(주)솔렌터카,0:00,23:59
(주)조렌트카,0:00,23:59
(주)에스케이알렌터카서비스,0:00,23:59
(주)리더스렌트카,0:00,23:59
(주)도윤렌트카,0:00,23:59
(주)마이렌트카,0:00,23:59
(주)제이와이렌트카,0:00,23:59
(주)길동무,0:00,23:59
㈜세륜,9:00,18:00
㈜세륜,9:00,18:00
㈜세륜,9:00,18:00
㈜세륜,9:00,18:00
㈜세종렌트카,9:00,18:00
브이아이피렌트카㈜,9:00,20:00
(유)더굿카,8:00,21:30
에쓰렌트카(주),10:00,18:00
(주)삼성렌트카,10:00,18:00
(자)기풍렌트카,10:00,18:00
(주)금강렌트카,10:00,18:00
(주)우리렌트카,10:00,18:00
(합)동원렌트카 서산영업소,10:00,18:00
(주)조은렌트카,10:00,18:00
성공렌트카,9:00,21:00
굿모닝렌트카,9:00,21:00
아이비렌트카,9:00,21:00
베스트렌트카,9:00,21:00
엠제이렌트카,9:00,21:00
지엠물류,9:00,21:00
(합자)건아통운렌트카,9:00,18:00
㈜금마렌터카,9:00,18:00
경동렌트카㈜,9:00,18:00
롯데렌탈㈜,9:00,18:00
(주)참신렌트카여행사,9:00,18:00
㈜하늘렌트카,9:00,23:59
현대디씨렌트카㈜,9:00,23:59
성산렌트카,9:00,18:00
세종통운,9:00,18:00
제로렌트카,9:00,18:00
케이에스렌트카,9:00,18:00
동아렌트카,9:00,18:00
기풍렌트카,9:00,18:00
기풍렌트카,9:00,18:00
기풍렌트카,9:00,18:00
(유)동부렌트카 동여수,9:00,18:00
㈜나라렌트카,9:00,18:00
㈜레드캡투어,9:00,18:00
(유)고려렌트카 여수,9:00,18:00
(유)고려렌트카 엑스포,9:00,18:00
㈜중부,9:00,18:00
차란차,9:00,18:00
345렌트카,9:00,18:00
굿데이렌트카,9:00,18:00
굿렌트카,9:00,18:00
그린카,9:00,18:00
㈜오케이렌탈,9:00,18:00
㈜아이원렌트카,9:00,18:00
㈜아이원렌트카,9:00,18:00
㈜모모,9:00,18:00
㈜케이비,9:00,18:00
(유)그린렌트카,9:00,18:00
한국자동차 주식회사,9:00,18:00
㈜현대렌트카,9:00,18:00
㈜여행온,9:00,18:00
(유)여수렌트카,9:00,18:00
(유)삼일렌트카 여천,9:00,18:00
(유)삼일렌트카 화장,9:00,18:00
(유)삼일렌트카 봉산,9:00,18:00
㈜에이스투어렌터카 전남동부,9:00,18:00
㈜에이스투어렌터카 여수,9:00,18:00
롯데렌탈㈜,9:00,18:00
에이제이렌트카㈜,9:00,18:00
케이디에프㈜,9:00,18:00
(유)동부렌트카 여수,9:00,18:00
(유)동부렌트카 여천,9:00,18:00
오뚜기렌트카,9:00,18:00
와이컴머스,9:00,18:00
롯데렌탈㈜,0:00,23:59
삼일렌트카,9:00,19:00
동부렌트카,0:00,23:59
해남렌트카,6:00,22:00
연합렌트카,9:00,19:00
(주)행운렌트카,10:00,23:59
GS파크24이마트에브리데이통진점,10:00,23:59
김포한강[1](예약소),10:00,23:59
뉴삼우렌트카㈜,10:00,23:59
더원렌트카,10:00,23:59
롯데렌탈㈜ 김포영업소,10:00,23:59
㈜조은렌트카,8:00,19:00
㈜삼성렌트카,8:00,19:00
(주)신화렌트카,0:00,23:59
(주)제주스타렌탈,0:00,23:59
(주)서울지에스렌트카,0:00,23:59
(주)코리아렌터카,0:00,23:59
㈜모두의 렌트,9:00,18:00
(주)가인렌트카,9:00,18:00
(주)넘버원렌트카,9:00,18:00
(주)대화렌트카,9:00,18:00
리라렌터카(주),9:00,18:00
(유)삼일렌트카,9:00,18:00
(주)세이브카,9:00,18:00
신협우리들렌트카㈜,9:00,18:00
(유)아시아렌터카,9:00,18:00
(주)에스엔비오토,9:00,18:00
(주)유엔렌트카,9:00,18:00
(주)이삭렌터카,9:00,18:00
(주)제이렌트카,9:00,18:00
(주)조아렌트카,9:00,18:00
(주)키움오토렌탈,9:00,18:00
뉴새한렌트카,9:00,18:00
래디우스랩,9:00,18:00
롯데캐피탈,9:00,18:00
킹콩렌트카,9:00,18:00
솔루션모터스,9:00,18:00
타이거운수(주),9:00,18:00
(주)토마토렌트카,9:00,18:00
㈜퍼블리렌터카,9:00,18:00
프라임렌트카(주),9:00,18:00
㈜하이엔드렌터카,9:00,18:00
㈜바로렌터카,9:00,18:00
㈜마이젠카,9:00,18:00
㈜타봄,9:00,18:00
㈜라이온렌트카,9:00,18:00
가자렌트카㈜,9:00,18:00
우리렌트카,9:00,18:00
오토비즈파트너스,9:00,18:00
제이씨아이렌트카,9:00,18:00
이렌터카,9:00,18:00
저스트렌트카,9:00,18:00
제이모빌리티,9:00,18:00
차놀자렌터카,9:00,18:00
희망드림렌트카,9:00,18:00
㈜행운렌트카,9:00,18:00
㈜힐튼렌트카,9:00,18:00
㈜독도렌트카,9:00,18:00
㈜독도렌트카,9:00,18:00
㈜독도렌트카,9:00,18:00
(유)피제이렌트카,9:00,18:00
(유)빛고을렌트카,9:00,18:00
(유)팡팡렌트카,9:00,18:00
(유)태봉렌트카,9:00,18:00
㈜케이렌트카,9:00,18:00
㈜한길렌트카,9:00,18:00
㈜한길렌트카,9:00,18:00
㈜한길렌트카,9:00,18:00
(유)한결렌트카,9:00,18:00
(유)한결렌트카,9:00,18:00
(유)한결렌트카,9:00,18:00
(유)한결렌트카,9:00,18:00
(유)뉴드림렌트카,9:00,18:00
(유)금오렌트카,9:00,18:00
(유)금오렌트카,9:00,18:00
㈜오케이렌탈,9:00,18:00
㈜뉴하이렌트카,8:00,20:00
㈜참신렌트카여행사,9:00,17:00
㈜로또렌트카,9:00,18:00
뉴새한렌트카㈜,9:00,18:00
(주)블루렌트카,8:30,18:00
㈜한성렌터카,9:00,18:00
㈜부경렌트카,9:00,18:00
유한회사 피제이렌트카,10:00,16:00
유씨아이오토렌탈,9:00,18:00
크레아모터스,9:00,18:00
폭스바겐파이낸셜서비스코리아,9:00,18:00
플러스그린렌트카,9:00,18:00
엠캐피탈,9:00,18:00
㈜모네타렌트카,9:00,18:00
(유)명가렌트카,9:00,18:00
(유)명가렌트카,9:00,18:00
(유)하나렌트카,9:00,18:00
㈜이화렌트카,9:00,18:00
㈜이화렌트카,9:00,18:00
㈜독도렌트카,9:00,18:00
㈜글로벌렌터카 그린영업소,7:00,21:00
㈜나라렌터카,7:00,21:00
㈜나라렌터카 문막영업소,7:00,21:00
㈜나라렌터카 단계영업소,7:00,21:00
㈜나라렌터카 우산영업소,7:00,21:00
㈜로또렌트카,7:00,21:00
㈜로또렌트카 원주영업소,7:00,21:00
㈜로또렌트카 명륜영업소,7:00,21:00
㈜로또렌트카 캠핑카놀자영업소,7:00,21:00
㈜써플라이코리아,0:00,23:59
(주)금성,9:00,18:00
제너스렌트카(주),9:00,18:00
(주)광명렌트카,9:00,18:00
대한렌트카㈜,9:00,18:00
(유)렌트카투유,9:00,18:00
(유)렌트카투유,9:00,18:00
(유)렌트카투유,9:00,18:00
㈜대현렌트카,9:00,18:00
㈜대현렌트카,9:00,18:00
(유)은하수렌트카,9:00,18:00
㈜플러스렌트카,9:00,21:00
㈜내차처럼렌터카,9:00,21:00
㈜그레이렌트카,9:00,21:00
(주)오케이렌트카,9:00,18:00
(주)새한글로벌렌트카,9:00,18:00
엠알렌트카(주),9:00,18:00
(주)글로벌금오렌트카,9:00,18:00
(주)극동오토렌탈,9:00,18:00
(유)타이거렌트카,9:00,18:00
㈜한진렌트카,9:00,18:00
㈜한지렌트카,9:00,18:00
(주)보아스네트웍,9:00,22:00
㈜프로렌트카,8:00,20:00
(주)오토핸드렌트카 김포영업소,10:00,23:59
(주)이렌트카,10:00,23:59
(주)청명렌트카,10:00,23:59
㈜티지전기차,9:00,20:00
㈜우솔렌트카,9:00,20:00
스타렌트카,9:00,18:00
엔케이렌트카,9:00,18:00
㈜타고 문경영업소,9:00,18:00
MK렌트카 문경영업소,9:00,18:00
MK렌트카 문경영업소,9:00,18:00
㈜위카,9:00,18:00
㈜우리렌트카,9:00,18:00
㈜이삭렌트카,9:00,18:00
㈜동서남북렌트카,0:00,23:59
㈜프리렌트카 손해사정,9:00,18:00
(유)다성,9:00,0:00
㈜율렌트카,0:00,23:59
㈜하와이렌트카,0:00,23:59
㈜062렌트카,9:00,18:00
㈜에스제이렌트카,9:00,18:00
유한회사 에이스렌트카,9:00,18:00
유한회사 한강렌트카,9:00,18:00
주식회사 삼성렌트카,9:00,18:00
이지렌트카,9:00,21:00
㈜원렌트카 주사무소,7:00,22:00
㈜참조은,9:00,18:00
㈜조이렌트카,9:00,18:00
성오렌트카㈜,9:00,18:00
㈜신우,9:00,18:00
모아렌트카㈜,9:00,18:00
차놀자렌트카㈜,9:00,18:00
스타인㈜,9:00,18:00
㈜에스디,9:00,18:00
인스렌터카 영양영업소,9:00,21:00
㈜에스케이렌터카,9:00,18:00
㈜청명렌트카,9:00,18:00
㈜렌탈포유 렌터카,0:00,23:59
㈜금봉렌트카,9:00,19:00
㈜제이비렌트카,9:00,19:00
(유)제일렌트카,9:00,18:00
㈜쏘카,9:00,18:00
㈜제일렌트카,9:00,18:00
일구구사투어렌트카,9:00,18:00
(유)금오렌터카,9:00,18:00
㈜제주친구-타카렌터카,9:00,18:00
레인보우모빌리티,9:00,18:00
365렌트카,9:00,18:00
유니온렌터카,9:00,18:00
진심(바카르),9:00,18:00
㈜타고렌터카 장흥영업소,9:00,18:00
㈜동부렌트카 장흥영업소,9:00,18:00
오산렌트카,8:00,20:00
도일렌터카,8:00,18:00
광렌트카,8:00,19:00
㈜쏘카,0:00,23:59
㈜푸른렌트카,9:00,20:00
㈜현대관광렌트카,9:00,19:00
㈜글로리렌트카,9:00,18:00
㈜로또렌트카,0:00,23:59
㈜쏘카,0:00,23:59
㈜태경렌트카 강진영업소,8:00,20:00
㈜옥천렌트카,9:00,18:00
삼보렌트카,9:00,18:00
삼보렌트카,9:00,18:00
클로버렌트카,9:00,18:00
클로버렌트카,9:00,18:00
클로버렌트카,9:00,18:00
강남렌트카,9:00,18:00
강남렌트카,9:00,18:00
빵빵카,9:00,18:00
빵빵카,9:00,18:00
케이티앤에스,9:00,18:00
케이티앤에스,9:00,18:00
케이티앤에스,9:00,18:00
투투렌트카,9:00,18:00
투투렌트카,9:00,18:00
네스트렌트카,9:00,18:00
더뉴카렌트카,9:00,18:00
듀오렌트카,9:00,18:00
제이피케이모빌리티㈜,9:00,18:00
자유로운수㈜,9:00,19:00
(주)프린스렌트카,9:00,19:00
(주)에이엠렌트카,9:00,19:00
㈜부일렌트카,9:00,19:00
㈜뉴드림렌트카,0:00,23:39
㈜경동렌트카,9:00,21:00
㈜경원렌트카,9:00,21:00
고려렌트카㈜,9:00,21:00
㈜씨엔에스렌터카,9:00,21:00
㈜공항렌트카,9:00,21:00
㈜국제렌트카,9:00,21:00
㈜굿모닝렌트카,9:00,21:00
㈜극동오토렌탈,9:00,21:00
(합)청훈렌트카,10:00,18:00
인더스㈜,8:00,18:00
(합)경기렌트카,9:00,20:00
㈜조은렌터카(금왕),9:00,18:00
㈜씨엔씨 감곡영업소,9:00,18:00
㈜스타렌트카 금왕영업소,9:00,18:00
㈜애니렌트카 금왕영업소,9:00,18:00
㈜쏘카,9:00,18:00
㈜쏘카,9:00,18:00
㈜신화오토렌탈,8:00,20:00
우성렌터카,9:00,18:00
SK렌터카,9:00,18:00
건아렌터카,9:00,23:59
해피관광렌터카,9:00,23:59
(주)에쓰렌터카,9:00,19:00
(주)엠케이렌트카,9:00,19:00
베스트렌트카㈜(청주),9:00,20:00
(주)가가렌트카,9:00,20:00
㈜에프씨엠,9:00,20:00
㈜쏘카,9:00,18:00
㈜타고,9:00,18:00
(주)비케이렌트카,9:00,18:00
(주)맥스렌터카,9:00,18:00
㈜하나렌트카,9:00,21:00
㈜하나에스렌트카,9:00,21:00
㈜한누리렌트카,9:00,21:00
㈜대신렌트카,9:00,21:00
㈜제이렌터카,9:00,21:00
㈜큐렌트카,9:00,21:00
㈜원렌터카,9:00,21:00
㈜에이스렌트카,9:00,21:00
투가이즈렌트카,9:00,18:00
㈜인렌트카,9:00,18:00
㈜웨이,9:00,19:00
㈜하나에스렌트카,8:00,20:00
㈜씨엘씨,9:00,19:00
㈜에이엔티렌터카,8:30,19:00
㈜중부렌트카,8:30,19:00
(합)오토렌트카,8:00,19:00
황금렌트카,9:00,18:00
우림렌트카,9:00,18:00
우정렌트카,9:00,18:00
㈜스타렌트카(율량),9:00,20:00
㈜스타렌트카(우암),9:00,20:00
㈜스타렌트카(옥산),9:00,20:00
동운렌트카㈜,9:00,20:00
(주)중부렌트카,9:00,20:00
(주)중부렌트카(북부),9:00,20:00
(주)중부렌트카(상당),9:00,20:00
(주)중부렌트카(우리),9:00,20:00
(주)중부렌트카(봉명),9:00,20:00
(주)중부렌트카(중앙),9:00,20:00
케이원렌트카㈜,9:00,20:00
에이엠렌트카(주),9:00,20:00
에이엠렌트카㈜(파랑새),9:00,20:00
㈜글로벌파트너,9:00,20:00
베스트렌트카㈜,9:00,20:00
㈜쏘카,0:00,23:59
㈜이렌트카,9:00,21:00
㈜인스렌터카,9:00,21:00
㈜중앙렌트카,9:00,21:00
㈜지티렌트카,9:00,21:00
㈜콜렌트카,9:00,21:00
데일리엠카(주),9:00,18:00
에이치에스렌트카,9:00,18:00
에코렌트카,9:00,18:00
엔카,9:00,18:00
오케이렌트카,9:00,18:00
유성렌트카,9:00,18:00
(유)차판사렌트카,9:00,18:00
(주)나라렌트카,9:00,18:00
(주)나라렌트카,9:00,18:00
(주)나라렌트카,9:00,18:00
(주)장풍물류렌터카,9:00,18:00
㈜한찬코리아,9:00,18:00
㈜제로렌트카,8:00,20:00
㈜대구렌트카,8:00,20:00
SK렌터카㈜,8:00,20:00
㈜현대렌트카,8:00,20:00
롯데렌탈㈜,8:00,20:00
㈜글로벌금오렌트카,8:00,20:00
㈜극동오토렌탈,8:00,20:00
㈜미르렌트카,8:00,20:00
㈜쏘카,8:00,20:00
㈜하이렌터카,8:00,20:00
㈜힐튼렌트카,8:00,20:00
㈜참신렌트카여행사,8:00,20:00
㈜한빛렌트카,8:00,20:00
㈜아이엠에스원,8:00,20:00
㈜타고,8:00,20:00
㈜스타렌트카,8:00,20:00
㈜정투청렌트카,9:00,18:00
㈜경동렌트카 문경영업소,9:00,18:00
㈜영호렌트카 문경영업소,9:00,18:00
㈜인스렌터카 문경영업소,9:00,18:00
㈜쏘카,9:00,18:00
㈜케이디렌트카,0:00,23:59
(주)서경렌트카,9:00,20:00
영일산업㈜,0:00,23:59
본렌트카,9:00,18:00
스마트렌트카,9:00,18:00
스타라인,9:00,18:00
신유렌트카,9:00,18:00
㈜26렌트카,9:00,19:00
㈜명성렌트카,9:00,19:00
㈜신영렌트카,9:00,19:00
㈜솔렌트카,9:00,19:00
스마트렌트카㈜,9:00,19:00
㈜세원렌트카,9:00,19:00
㈜제일렌트카,9:00,19:00
㈜대박렌트카,9:00,19:00
㈜그린카,9:00,19:00
㈜지에스렌트카,9:00,19:00
㈜더블유렌트카,9:00,19:00
㈜유일렌트카,0:00,23:39
㈜엠씨렌트카,0:00,23:39
뱅카㈜,0:00,23:39
㈜트러스트에스씨,0:00,23:39
㈜아이에스렌터카,9:00,19:00
초이스렌트카,9:00,19:00
(주)참신렌트카여행사,9:00,19:00
㈜라이프렌터카,9:00,19:00
㈜에이치케이렌트카,9:00,19:00
㈜에이치케이렌트카,9:00,19:00
㈜에이치케이렌트카,9:00,19:00
현대디씨렌트카,0:00,23:59
로또렌트카,7:00,22:00
현대관광렌트카,0:00,23:59
동아렌트카,9:00,18:00
차이카렌트카,9:00,18:00
스마트렌트카,9:00,18:00
엠알렌트카여행사,9:00,18:00
㈜국민렌트카,0:00,23:39
㈜뉴대명렌트카,0:00,23:39
㈜에프에이렌트카,0:00,23:39
㈜에스에이씨렌터카,8:00,18:00
㈜안전,0:00,23:59
오토렌트카,8:00,22:00
금강렌트카,9:00,18:00
우리렌트카㈜,9:00,18:00
㈜뉴금강산렌트카,9:00,18:00
㈜가인렌트카,9:00,19:00
㈜뉴현대드림렌트카,9:00,19:00
㈜유진렌트카,9:00,19:00
에스케이렌터카㈜,9:00,19:00
㈜위굴리,9:00,19:00
기풍렌트카,9:00,18:00
우솔렌트카,9:00,18:00
㈜스마트렌트카 동해역,9:00,20:00
㈜스마트렌트카 지니,9:00,20:00
㈜스마트렌트카 영덕,9:00,20:00
㈜스마트렌트카 강릉,9:00,20:00
㈜스마트렌트카 울진,9:00,20:00
(유)에스원렌트카,10:00,22:00
㈜대한렌트카,0:00,23:59
주식회사 제이렌트카,9:00,18:00
㈜대광렌트카,9:00,18:00
(유)유일렌트카,9:00,18:00
(유)태현렌트카,9:00,18:00
대한렌트카,9:00,18:00
(합)건아통운렌트카,9:00,18:00
㈜쏘카,9:00,18:00
주식회사 이스트베이컴퍼니,9:00,20:00
(주)동양렌트카,8:30,19:30
(주)동양렌트카 주문진,8:30,19:30
(주)동양렌트카 옥계,8:30,19:30
(주)동양렌트카 천곡,8:30,19:30
(주)동양렌트카 경포,8:30,19:30
(주)동양렌트카 붕붕,8:30,19:30
㈜스마트렌트카,9:00,20:00
㈜스마트렌트카 동해,9:00,20:00
㈜스마트렌트카 도계,9:00,20:00
㈜행복오토랜드,0:00,23:59
곰두리렌트카㈜,9:00,18:00
㈜조은렌트카,0:00,23:59
㈜조이렌트카,9:00,18:00
㈜경희렌트카,0:00,23:59
(유)타이거렌터카,8:00,21:00
㈜오토렌트카,9:00,21:00
㈜온누리렌트카,9:00,21:00
㈜우리렌트카,9:00,21:00
㈜원츠,9:00,21:00
(주)제주제일렌터카,8:00,19:00
에스에스모빌리티㈜,9:00,18:00
에스에스모빌리티㈜,9:00,18:00
에스에스모빌리티㈜,9:00,18:00
㈜현대관광렌트카,9:00,19:00
㈜글로리렌트카,9:00,18:00
㈜로또렌트카,0:00,23:59
㈜애드플레이,0:00,23:59
(타운카)힐스테이트미사역타운즈00001,0:00,23:59
(주)써밋렌터카,0:00,23:59
대민렌터카,9:00,18:00
가야렌트카,9:00,18:00
선진렌트카,9:00,18:00
뉴스카이렌트카,9:00,18:00
(주)나라렌터카,8:00,20:00
(주)삼지렌트카(3G),8:30,19:00
(주)엠케이렌트카,9:00,18:00
지에스렌트카(동해영업소),0:00,23:59
롯데렌트카,9:00,22:00
대한렌트카,9:00,18:00
(합)건아통운렌트카,9:00,18:00
SK렌트카 홍천영업소,8:30,19:00
㈜쏘카,0:00,23:59
영일산업㈜렌트카 홍천영업소,8:30,18:00
(유)일일사투어렌트카,9:00,17:30
(유)태진렌트카,9:00,18:00
(유)신한렌트카,9:00,17:00
㈜제이카,0:00,23:59
㈜신현대렌트카,9:00,18:00
뉴드림렌터카,9:00,19:00
㈜대한렌트카 고성우성영업소,9:00,18:00
㈜스마트렌트카,0:00,23:59
㈜메타버스앤무빙,0:00,23:59
㈜써플라이코리아,0:00,23:59
㈜푸른렌트카,9:00,20:00
㈜원렌트카 동해영업소,9:00,22:00
지에스렌트카(강원동해영업소),9:00,22:00
㈜광명렌트카 홍천영업소,6:00,23:00
대한렌트카㈜ 홍천영업소,0:00,23:59
대한렌트카㈜ 홍천제2영업소,0:00,23:59
(합)주성렌트카 홍천영업소,8:00,18:00
㈜태일렌트카,9:00,20:00
㈜스타렌트카,9:00,20:00
(합)오토렌트카 남원지점,9:00,18:00
(유)삼일렌트카 남원영업소,9:00,18:00
㈜와이렌트카 남원영업소,9:00,18:00
SK렌트카 남원영업소,9:00,18:00
㈜엠케이렌트카 남원영업소,9:00,18:00
(주)아톰투비트,10:00,18:00
마블렌트카,10:00,18:00
(주)오즈렌터카,10:00,18:00
주식회사 빈,10:00,18:00
주식회사 팝콘렌트카,10:00,18:00
(주)에이엑스렌트카,10:00,18:00
(주)스탠스컴퍼니,10:00,18:00
(주)제주친구,10:00,18:00
(유)진렌트카,10:00,18:00
디에이치렌트카(주),10:00,18:00
(주)가가렌트카 남원영업소,9:00,18:00
건영렌트카,9:00,18:00
경일알씨,9:00,18:00
㈜모모렌트카,9:00,18:00
㈜가람렌트카,9:00,18:00
센트럴렌트카㈜,9:00,18:00
㈜렌트로,9:00,18:00
㈜달렌트카,9:00,18:00
㈜글로벌렌터카,7:00,21:00
(주)세종통운,8:00,20:00
(주)서경렌트카,8:00,18:00
㈜서경엔카,8:00,18:00
영일렌트카㈜,9:00,21:00
㈜예스렌트카,9:00,21:00
㈜오케이렌트카,9:00,21:00
(주)블루렌트카,9:00,18:00
(주)임스타렌트카,9:00,18:00
아이렌트카,9:00,19:00
에이스렌터카㈜,9:00,18:00
경기렌트카㈜,9:00,18:00
㈜중앙렌트카,9:00,18:00
아이제이렌트카㈜,9:00,18:00
㈜코센모빌리티,9:00,18:00
㈜지오렌터카,9:00,18:00
㈜다원렌트카,9:00,18:00
㈜와이엔제이컴퍼니,9:00,18:00
백두산렌트카,9:00,18:00
(주)칸렌트카,9:00,18:00
(주)야떠나자렌트,0:00,23:59
㈜생생렌터카,0:00,23:59
더클래서렌터카㈜,0:00,23:59
㈜비에프오토모빌리티,0:00,23:59
비에프모빌리티㈜,0:00,23:59
(주)서경렌트카,9:00,18:00
뉴하이렌트카,9:00,18:00
㈜쏘카,9:00,18:00
㈜비마이카렌트카,9:00,21:00
(유)투어렌트카,9:00,18:00
㈜오션렌트카,8:30,19:00
(유)붕붕렌트카,8:30,20:30
(주)중호렌트카,9:00,23:59
㈜가가렌트카,9:00,23:59
㈜원렌트카 주사무소,7:00,22:00
㈜현대관광렌트카 동해영업소,0:00,23:59
㈜현대관광렌트카 동해터미널영업소,8:00,20:00
㈜현대관광렌트카 동해KTX영업소,8:00,20:00
㈜동양렌트카 천곡영업소,0:00,23:59
㈜스마트렌트카,0:00,23:59
(주)오케이렌트카,8:00,22:00
건아렌트카,0:00,23:59
가자렌트카 평창영업소,0:00,23:59
평창디씨렌트카 평창영업소,0:00,23:59
브이아이피렌트카 평창영업소(대관령면),0:00,23:59
브이아이피렌트카 평창영업소(봉평면),0:00,23:59
두성렌트카㈜,0:00,23:59
금강렌트카,0:00,23:59
㈜엔아이씨이새인천렌트카,0:00,23:59
(주)야떠나자렌트,0:00,23:59
㈜생생렌터카,0:00,23:59
더클래서렌터카㈜,0:00,23:59
㈜비에프오토모빌리티,0:00,23:59
비에프모빌리티㈜,0:00,23:59
㈜메타버스앤무빙,0:00,23:59
가자렌트카 평창영업소,0:00,23:59
평창디씨렌트카 평창영업소,0:00,23:59
브이아이피렌트카 평창영업소(대관령면),0:00,23:59
브이아이피렌트카 평창영업소(봉평면),0:00,23:59
두성렌트카㈜,0:00,23:59
금강렌트카,0:00,23:59
㈜엔아이씨이새인천렌트카,0:00,23:59
㈜새한렌트카,9:00,18:00
㈜성원렌트카,9:00,18:00
㈜렌트투어,9:00,18:00
㈜대영렌트카,9:00,18:00
㈜제일렌트카,9:00,18:00
㈜비엠더블유파이낸셜서비스코리아,9:00,18:00
메르세데스벤츠모빌리티코리아㈜,9:00,18:00
(주)삼일렌트카,9:00,18:00
(주)삼일렌트카,9:00,18:00
(주)하이엠카,9:00,18:00
㈜하이월드카,9:00,18:00
㈜하이월드카,9:00,18:00
(유)뉴현대렌트카,0:00,23:59
(유)고려렌트카,0:00,23:59
(주)에이스투어렌터카,0:00,23:59
일구구사투어렌트카,0:00,23:59
(유)케이제이렌트카,0:00,23:59
㈜전남렌트카,0:00,23:59
(주)세종통운렌트카,9:00,18:00
(주)조은렌트카,9:00,18:00
(주)성산렌트카,9:00,18:00
(주)참신렌트카,9:00,18:00
(주)우리렌트카,8:00,20:00
엠렌트카,9:00,18:00
티렌트카,9:00,18:00
오렌터카,9:00,18:00
브이아이피리모렌터카㈜,9:00,18:00
㈜디지비캐피탈,9:00,18:00
㈜한국렌트카,9:00,18:00
피엘아이지렌트카㈜,9:00,18:00
㈜부산렌트카,9:00,18:00
㈜국민카,9:00,18:00
㈜길렌트카,9:00,18:00
㈜유카,9:00,18:00
㈜두리렌트카,9:00,18:00
가렌트카㈜,9:00,18:00
㈜삼천리렌트카,9:00,18:00
가자렌트카㈜,9:00,18:00
㈜렌트존,9:00,18:00
㈜아스타렌트카,9:00,18:00
㈜픽스렌트카,8:00,20:00
㈜광야렌탈,9:00,20:00
㈜메이트렌터카,9:00,18:00
㈜이머징카,9:00,18:00
㈜더씨엘,9:00,18:00
㈜스마트렌트카,8:30,18:30
(주)새한글로벌렌터카,9:00,23:00
(주)진해군항렌터카,10:00,19:00
(주)글로벌금오렌터카,8:30,19:00
대한렌트카(주),9:00,18:00
㈜제로렌트카,0:00,23:59
㈜햇살렌트카,0:00,23:59
㈜케이제이렌탈,0:00,23:59
㈜26렌트카,0:00,23:59
㈜현렌트카,0:00,23:59
㈜영호렌트카,8:00,20:00
㈜월드렌트카,8:00,20:00
㈜경일알씨,8:00,20:00
솔렌트카㈜,8:00,20:00
㈜인스렌트카,8:00,20:00
㈜제이씨아이렌트카 단구영업소,7:00,21:00
㈜해태렌트카,9:00,18:00
㈜히든렌트카,9:00,18:00
(주)굿모닝 렌터카(청주),9:00,20:00
엠제이렌트카㈜,9:00,20:00
엠제이렌트카㈜(프로미),9:00,20:00
엠제이렌트카㈜(모든),9:00,20:00
엠제이렌트카㈜(청주),9:00,20:00
엠제이렌트카㈜(우리),9:00,20:00
㈜삼성렌트카,9:00,20:00
㈜삼성렌트카(남청주),9:00,20:00
㈜삼성렌트카(남청주),9:00,20:00
(합)오토렌트카,9:00,20:00
(합)오토렌트카(서원),9:00,20:00
(주)성공렌트카,9:00,20:00
㈜엠케이렌트카,9:00,20:00
주은렌트카,8:00,19:00
명성렌트카,8:00,19:00
미소렌트카,8:00,19:00
엠제이렌트카,8:00,19:00
롯데렌탈,9:00,18:00
SK렌터카,9:00,18:00
아시아렌트카,9:00,20:00
아시아렌트카,9:00,20:00
이엔에이렌탈,9:00,19:00
한미렌트카,9:00,18:00
뉴가나다,9:00,20:00
(주)거제곰두리렌트카,8:00,21:00
에스케이렌터카㈜,9:00,18:00
킹덤렌트카,9:00,18:00
SK렌터카,9:00,18:00
㈜제이씨아이렌트카,7:00,21:00
(주)굿모닝 렌터카,9:00,20:00
(주)금성,9:00,18:00
제너스렌트카(주),9:00,18:00
(주)광명렌트카,9:00,18:00
나인렌터카,9:00,18:00
나인렌터카,9:00,18:00
뉴삼우렌트카,9:00,19:00
뉴삼우렌트카,9:00,19:00
리베렌트카,9:00,21:00
브이아이피렌터카,9:00,19:00
브이아이피렌터카,9:00,19:00
주식회사 제이디렌트카,9:00,18:00
(주)스마트렌트카,9:00,18:00
이지렌터카(주),9:00,18:00
㈜만세,9:00,18:00
㈜만세,9:00,18:00
우성운수㈜,9:00,18:00
고릴라렌트카,9:00,23:00
골드타워,9:00,20:00
케이카렌탈,9:00,20:00
나인렌터카,9:00,18:00
나인렌터카,9:00,18:00
아산렌트카㈜,9:00,18:00
토토렌터카㈜,9:00,18:00
㈜조은렌트카,9:00,18:00
㈜대아렌트카,9:00,18:00
㈜오케이렌트카의성영업소,0:00,23:59
(주)천마렌트카,8:00,18:00
(유)천일렌트카,0:00,23:59
노블렌트카,9:00,18:00
경남기업렌트카㈜,9:00,18:00
골드렌트카㈜,9:00,18:00
세븐렌트카㈜,9:00,18:00
스마트렌트카㈜,9:00,18:00
㈜신한렌트카,9:00,18:00
㈜안전렌터카,9:00,18:00
㈜오케이렌트카,9:00,18:00
㈜조은렌트카,9:00,18:00
한성특운㈜,9:00,18:00
베스트렌트카㈜,9:00,18:00
㈜진해군항렌트카,9:00,18:00
㈜오토셀렉트,9:00,18:00
㈜고고렌트카,9:00,18:00
㈜뉴세진렌트카,9:00,18:00
(주)바바리안모터스,9:00,18:00
(주)가나다렌트카,9:00,18:00
(주)가나다렌트카 (연수),9:00,18:00
(주)차렌터카,9:00,18:00
(주)차렌터카(연수),9:00,18:00
(주)차렌터카(송도),9:00,18:00
오리엔탈렌터카(주),8:00,19:00
주식회사 도도렌트카,0:00,23:59
한일상공 유한회사,8:00,19:00
㈜현대관광렌트카 동해영업소,0:00,23:59
㈜현대관광렌트카 동해터미널영업소,8:00,20:00
㈜현대관광렌트카 동해KTX영업소,8:00,20:00
㈜동양렌트카 천곡영업소,0:00,23:59
㈜스마트렌트카(동해역영업소),0:00,23:59
㈜스마트렌트카(동해영업소),0:00,23:59
㈜원렌트카 동해영업소,9:00,22:00
지에스렌트카(강원동해영업소),9:00,22:00
지에스렌트카(동해영업소),0:00,23:59
롯데렌트카,9:00,22:00
케이디에프,9:00,22:00
참좋은렌트카,0:00,23:59
현대렌트카,9:00,19:00
롯데렌트카,0:00,23:59
㈜건아렌트카,9:00,18:00
골드렌트카,8:00,17:00
주식회사글로벌금오렌트카,8:00,17:00
(주)동양렌트카,8:30,19:30
㈜스마트렌트카,9:00,20:00
(주)퍼스트렌트카,0:00,23:59
마춤카㈜,0:00,23:59
㈜포유,0:00,23:59
굿데이렌트카㈜,0:00,23:59
㈜뉴케이렌트카,0:00,23:59
롯데렌탈㈜,0:00,23:59
차놀자렌트카㈜,0:00,23:59
㈜삼천리렌트카,0:00,23:59
㈜경진렌트카,0:00,23:59
㈜나나렌트카,9:00,20:00
㈜세븐렌트카,8:00,18:00
㈜카이스트,9:00,18:00
라온렌트카㈜,9:00,18:00
주식회사남산렌터카,9:00,18:00
㈜에이에이렌터카,9:00,18:00
오토플러스㈜,9:00,18:00
(주)카렌디피티,9:00,18:00
(주)가가렌트카,8:00,19:00
기아자동차(주),8:00,18:00
베스트렌트카(주),8:00,19:00
에이제이렌터카 주식회사,8:00,19:00
조은렌트카,9:00,23:00
㈜세종통운,8:00,20:00
㈜베스트렌트카,8:00,20:00
우리렌트카,8:00,20:00
㈜서경렌트카,1:00,23:59
㈜월드렌트카,8:30,21:00
(주)유진렌트카,0:00,23:59
㈜카존렌트카,8:00,20:00
㈜오렌지렌트카,0:00,23:59
(주)씨엔씨렌트카,0:00,23:59
에스케이렌터카㈜,0:00,23:59
(주)위메인렌터카,0:00,23:59
모젠렌트카,0:00,23:59
연보라(주),9:00,21:00
(주)세진렌트카,8:00,23:59
(주)에이렌트카,8:00,23:59
(주)더뉴 렌터카,8:00,23:59
㈜킹렌트카,9:00,18:00
미소렌트카㈜,9:00,18:00
㈜제이유렌트카,9:00,18:00
㈜위고투렌트카,9:00,18:00
(유)뉴현대렌트카,0:00,23:59
㈜대상렌트카,9:00,18:00
㈜세명SM렌트카,9:00,18:00
㈜예스굿모닝,9:00,18:00
㈜행복오토랜드렌트카,9:00,18:00
㈜새가람렌트카,9:00,18:00
㈜나이스렌트카,9:00,18:00
애플렌트㈜,9:00,18:00
㈜삼일렌트카,9:00,18:00
㈜포시즌렌트카,9:00,18:00
제일렌트카㈜,9:00,18:00
㈜위드렌터카,9:00,18:00
㈜새부산렌탈,9:00,18:00
㈜코끼리렌트카,9:00,18:00
(주)우리렌트카,9:00,18:00
(주)도연렌트카,9:00,18:00
(주)모젠렌트카,9:00,18:00
아비스렌트카㈜,9:00,18:00
(주)알씨렌트카,9:00,18:00
(주)강경렌트카,9:00,18:00
(주)쏘카,9:00,18:00
(주)참신렌트카여행사,9:00,18:00
(주)이렌트카,9:00,18:00
케이비오토렌터매니지먼트㈜,9:00,18:00
㈜롯데렌탈,9:00,18:00
에스케이렌터카㈜,9:00,18:00
㈜국화렌트카,9:00,18:00
㈜렉스렌터카,9:00,18:00
씨티렌터카,9:00,18:00
유성렌트카,9:00,18:00
㈜부경알엔티,9:00,18:00
동아렌트카,9:00,23:00
㈜잇다,9:00,18:00
창신렌트카,9:00,18:00
㈜하이렌터카,9:00,18:00
㈜경남렌터카,9:00,18:00
㈜엔젤렌트카,9:00,18:00
㈜동아렌트카,9:00,18:00
제로알엔티㈜,9:00,18:00
케이네트웍스,0:00,23:59
(합자)경인렌트카,0:00,23:59
한솔네트웍스(주),0:00,23:59
한솔네트웍스(주),0:00,23:59
㈜수렌터카,0:00,23:59
㈜듀오카,0:00,23:59
투투렌트카,9:00,18:00
투투렌트카,9:00,18:00
투투렌트카,9:00,18:00
투투렌트카,9:00,18:00
투투렌트카,9:00,18:00
투투렌트카,9:00,18:00
투투렌트카,9:00,18:00
투투렌트카,9:00,18:00
투투렌트카,9:00,18:00
투투렌트카,9:00,18:00
투투렌트카,9:00,18:00
투투렌트카,9:00,18:00
투투렌트카,9:00,18:00
도도렌트카,9:00,18:00
도도렌트카,9:00,18:00
도도렌트카,9:00,18:00
도도렌트카,9:00,18:00
도도렌트카,9:00,18:00
도도렌트카,9:00,18:00
도도렌트카,9:00,18:00
도도렌트카,9:00,18:00
도도렌트카,9:00,18:00
도도렌트카,9:00,18:00
도도렌트카,9:00,18:00
도도렌트카,9:00,18:00
도도렌트카,9:00,18:00
도도렌트카,9:00,18:00
도도렌트카,9:00,18:00
도도렌트카,9:00,18:00
도도렌트카,9:00,18:00
도도렌트카,9:00,18:00
도도렌트카,9:00,18:00
마스타자동차관리,9:00,18:00
마스타자동차관리,9:00,18:00
마스타자동차관리,9:00,18:00
마스타자동차관리,9:00,18:00
지지렌트카,9:00,18:00
마스타자동차관리,9:00,18:00
마스타자동차관리,9:00,18:00
마스타자동차관리,9:00,18:00
마스타자동차관리,9:00,18:00
마스타자동차관리,9:00,18:00
마스타자동차관리,9:00,18:00
마스타자동차관리,9:00,18:00
마스타자동차관리,9:00,18:00
마스타자동차관리,9:00,18:00
마스타자동차관리,9:00,18:00
마스타자동차관리,9:00,18:00
마스타자동차관리,9:00,18:00
마스타자동차관리,9:00,18:00
마스타자동차관리,9:00,18:00
삼성렌터카,9:00,18:00
삼성렌터카,9:00,18:00
삼성렌터카,9:00,18:00
삼성렌터카,9:00,18:00
삼성렌터카,9:00,18:00
삼성렌터카,9:00,18:00
삼성렌터카,9:00,18:00
렌터카다모아,9:00,18:00
지지렌트카,9:00,18:00
지지렌트카,9:00,18:00
지지렌트카,9:00,18:00
지지렌트카,9:00,18:00
케이밴코리아,9:00,18:00
센트로렌트카,9:00,18:00
거성렌트카,9:00,18:00
거성렌트카,9:00,18:00
㈜아온,8:30,20:00
㈜원일렌트카,8:30,18:00
㈜원일렌트카,8:30,18:00
㈜원일렌트카,8:30,18:00
㈜조은렌트카,9:00,18:00
㈜조은렌트카,9:00,18:00
㈜조은렌트카,9:00,18:00
㈜지에스렌트리스,9:00,18:00
아이비렌트카㈜,9:00,18:00
㈜한진오토렌트카,9:00,18:00
㈜코리아렌트카,9:00,18:00
㈜모두렌트카,9:00,18:00
SK네트웍스㈜ SK렌터카 보성영업소,9:00,18:00
㈜레저가온,9:00,18:00
엠제이렌터카,9:00,18:00
드림렌트카 하동영업소,9:00,18:00
(주)서경엔카 하동점,9:00,18:00
부경알엔티 하동영업소,9:00,18:00
㈜건일렌터카,9:00,21:00
㈜건일렌터카,9:00,21:00
㈜한지렌트카,8:30,18:00
㈜하이렌터카,9:00,21:00
㈜뉴그린렌트카,8:00,21:00
㈜쏘카,0:00,0:00
(유)더굿카,10:00,20:00
㈜알앤에이,10:00,20:00
㈜현서렌트카,10:00,20:00
에스케이렌트카㈜,8:30,18:00
㈜새한글로벌렌트카,9:00,23:00
㈜신화오토렌탈,0:00,0:00
그린카㈜,0:00,0:00
㈜모두렌터카,0:00,0:00
㈜유성렌트카,0:00,0:00
㈜강산렌터카,9:00,18:30
㈜강산렌터카,9:00,18:30
㈜강산렌터카,9:00,18:30
㈜뉴이삭렌트카,9:00,19:00
㈜뉴이삭렌트카,9:00,19:00
㈜엔에이치씨렌터카,9:00,18:00
㈜캠버렌트카,10:00,19:00
㈜아이원렌트카,9:00,18:00
제일렌트카 완도영업소,9:00,18:00
코끼리렌트카 완도영업소,9:00,18:00
㈜뉴스마트렌트카,9:00,18:00
가가렌터카 고창영업소,9:00,18:00
드림렌터카 고창영업소,9:00,18:00
오뚜기렌트카 고창영업소,9:00,18:00
베스트렌트카 고창영업소,9:00,18:00
쏘카 고창영업소,9:00,18:00
세종통운,9:00,23:00
서경렌트카,9:00,23:00
삼성렌트카,9:00,23:00
스마트렌트카,9:00,23:00
뉴하이렌트카,9:00,23:00
블루렌트카,9:00,23:00
유렌트카,8:30,19:00
고려렌트카㈜,8:30,20:00
㈜극동오토렌탈,9:00,20:00
대영기업㈜,9:00,20:00
영일산업㈜,9:00,20:00
㈜한진렌트카,0:00,0:00
거성렌트카,9:00,18:00
거성렌트카,9:00,18:00
거성렌트카,9:00,18:00
빌림,9:00,18:00
빌림,9:00,18:00
빌림,9:00,18:00
빌림,9:00,18:00
씨엘모터스,9:00,18:00
씨엘모터스,9:00,18:00
씨엘모터스,9:00,18:00
비덱카,9:00,18:00
비덱카,9:00,18:00
비덱카,9:00,18:00
비덱카,9:00,18:00
비덱카,9:00,18:00
(주)마이젠카,9:00,18:00
비덱카,9:00,18:00
케이제이렌트카,9:00,18:00
케이제이렌트카,9:00,18:00
케이제이렌트카,9:00,18:00
모두가치,9:00,18:00
모두가치,9:00,18:00
엘에스엠컴퍼니,9:00,18:00
메트로렌탈엔투어서비스(주),8:30,20:00
(주)뉴월드렌트카,0:00,23:59
(주)세원렌트카,9:00,19:00
(주)해피렌트카,0:00,23:59
(주)제이에스밴,0:00,23:59
3G렌트카,9:00,18:00
성공렌트카,9:00,18:00
신형렌트카,7:00,22:00
케이원렌트카,7:00,23:59
엠알렌트카,8:00,21:00
(유)드림렌트카,9:00,18:00
(유)아이렌트카,8:00,20:00
(유)에이치엠렌트카,0:00,23:59
(유)유진,9:00,22:00
(유)제이비렌터카,8:00,19:00
(유)제이비렌터카,8:00,19:00
(유)제이에스렌터카,0:00,23:59
(유)찬누리렌트카,0:00,23:59
(유)찬누리렌트카,0:00,23:59
제이비우리캐피탈㈜,9:00,18:00
㈜대한렌터카,9:00,18:00
㈜세영렌트카,9:00,18:00
㈜스마트렌터카,9:00,18:00
㈜하이렌트카,9:00,18:00
참우리렌트카(유),9:00,19:00
콜렌트카㈜,0:00,23:59
㈜에버렉스,9:00,19:00
㈜브이카,8:30,21:00
청화렌트카㈜,9:00,19:00
㈜에프엔렌트카,9:00,19:30
㈜타오렌터카,9:00,19:30
인모션㈜,9:30,19:00
㈜해피네트웍스,8:00,20:00
㈜도윤렌트카,0:00,23:59
㈜나이스오토월드,9:00,18:00
㈜렌터카바로,9:00,18:00
프란렌트카㈜,9:00,18:00
다원렌트카㈜,9:00,18:00
(주)스카이렌트카,9:00,18:00
(주)굿카서비스,9:00,18:00
(주)지카,9:00,18:00
(주)투투이엔지,9:00,18:00
(주)제이와이렌트카,9:00,18:00
(주)스타스카이,9:00,18:00
(주)렉스렌터카,9:00,18:00
(주)카즈,9:00,18:00
㈜건아렌트카,0:00,23:59
㈜렌트온,0:00,23:59
㈜플러스렌터카,0:00,23:59
㈜플러스렌터카,0:00,23:59
㈜플러스렌터카,0:00,23:59
㈜플러스렌터카,0:00,23:59
㈜플러스렌터카,0:00,23:59
㈜플러스렌터카,0:00,23:59
㈜플러스렌터카,0:00,23:59
㈜플러스렌터카,0:00,23:59
㈜플러스렌터카,0:00,23:59
㈜플러스렌터카,0:00,23:59
㈜플러스렌터카,0:00,23:59
㈜카타고,0:00,23:59
지엔카㈜,0:00,23:59
(유)삼일렌트카 완도영업소,9:00,18:00
㈜스마트렌트카 완도영업소,9:00,18:00
(유)동부렌트카 완도영업소,9:00,18:00
(유)드림렌트카 완도영업소,9:00,18:00
세계로렌트카,9:00,19:00
세계로렌트카(안산영업소),9:00,19:00
라이프렌트카,7:00,22:00
라이프렌트카(양평영업소),7:00,22:00
라이프렌트카(전주영업소),7:00,22:00
라이프렌트카(남양주영업소),7:00,22:00
엔터프라이즈코리아,9:00,22:00
포시즌렌트카,8:00,19:00
뉴경성렌트카,9:00,18:00
농협네트웍스,9:00,18:00
㈜제이앤제이렌트카,9:00,20:00
어디가렌트카,8:00,20:00
㈜씨엘씨,0:00,23:59
㈜신성렌트카,0:00,23:59
(유)동부렌트카,0:00,23:59
(합)중부가나렌트카,9:00,18:00
(합)동원렌트카,9:00,18:00
(주)원스탑렌트카,9:00,18:00
(주)케이비넘버원렌트카,9:00,18:00
(주)설 렌터카,9:00,18:00
가온플랫폼㈜,9:00,18:00
㈜비엘렌트카,9:00,18:00
㈜성운렌트카,9:00,18:00
㈜세륜,9:00,18:00
㈜세륜,9:00,18:00
㈜세륜,9:00,18:00
㈜세륜,9:00,18:00
미래렌터카,7:00,19:00
센트럴렌터카,7:00,19:00
롯데렌터카,7:00,19:00
㈜포유,7:00,19:00
㈜대원렌트카,7:00,19:00
㈜엠케이렌트카,7:00,19:00
㈜소카당진영업소,7:00,19:00
지엠물류당진영업소,7:00,19:00
㈜참신렌트카여행사,7:00,19:00
에쓰렌트카㈜,7:00,19:00
뉴이삭렌트카,7:00,19:00
롯데렌탈㈜,8:30,18:00
(주)진해군항렌트카,10:00,19:00
케이에스렌트카㈜ 거제,9:00,19:00
에스케이렌트카㈜,9:00,18:00
(주)붐렌트카,0:00,23:59
㈜쏘카(KT웅상빌딩뒤편),0:00,23:59
㈜쏘카(양산신도시삼정더그린코아),0:00,23:59
㈜엠케이렌트카,9:00,18:00
㈜엠케이렌트카,9:00,18:00
㈜현대렌트카,9:00,18:00
㈜현대렌트카,9:00,18:00
㈜현대렌트카,9:00,18:00
㈜현대렌트카,9:00,18:00
㈜굿초이스,9:00,18:00
㈜굿초이스,9:00,18:00
(유)진렌터카,7:00,19:00
㈜위드문렌트카,0:00,23:59
씨에스렌트카㈜,9:00,18:00
에스제이,9:00,20:30
지렌트카,8:00,19:00
케이렌트카,8:30,18:00
㈜명가렌트카,8:30,19:30
㈜명가렌트카,8:30,19:30
㈜명가렌트카,8:30,19:30
㈜명가렌트카,8:30,19:30
㈜브이아이피렌트카,8:30,20:00
㈜에스아이렌트카,8:00,19:00
㈜포항알프스,9:00,19:00
㈜하이렌트카,8:30,20:00
㈜한진렌트카,8:30,19:00
㈜한진렌트카,8:30,19:00
㈜한진렌트카,8:30,19:00
㈜현대렌트카,8:30,19:00
(주)상진물산,9:00,18:00
(주)에이치렌터카,9:00,19:00
(주)제이더블유컴퍼니,9:30,19:00
㈜휴맥스모빌리티,9:00,18:00
㈜올더렌트카,9:00,18:00
㈜대원렌트카,9:00,18:00
㈜경원렌트카,9:00,19:00
㈜창희렌트카,9:00,18:00
㈜한진렌트카,9:00,19:00
㈜인스렌터카,9:00,18:00
㈜글로벌금오렌트카,9:00,18:00
㈜하이렌트카,9:00,18:00
롯데렌탈㈜,9:00,18:00
㈜타고,9:00,18:00
㈜미르렌트카,9:00,18:00
㈜대구렌트카,9:00,18:00
㈜좋은렌트카,9:00,19:00
㈜중부렌트카,9:00,19:00
㈜가가렌트카,9:00,19:00
(유)가가렌트카,0:00,23:59
㈜백운렌트카,9:00,18:00
(주)글로벌파트너,9:00,18:00
삼영렌트카㈜,9:00,18:00
경동렌트카㈜,9:00,18:00
가나렌트카㈜,9:00,18:00
골드렌트카㈜,9:00,18:00
경동에이엔씨㈜,9:00,18:00
에스디서비스㈜,9:00,18:00
지에스렌트카㈜,9:00,18:00
㈜수성렌트카,9:00,21:00
㈜글로벌금오렌트카,9:00,21:00
글로벌렌트카㈜,9:00,21:00
㈜지에이치엔터프라이즈,9:00,21:00
㈜뉴삼일렌트카,9:00,21:00
(유)현대렌트카,8:00,18:30
㈜뉴예스렌트카,9:00,21:00
㈜대경렌트카,9:00,21:00
㈜대구렌트카,9:00,21:00
㈜알앤에이,9:00,21:00
㈜준,9:00,21:00
㈜렌트카 엠,9:00,21:00
㈜마이카렌트,9:00,21:00
미르렌트카㈜,9:00,21:00
㈜미스터렌트카,9:00,21:00
㈜시원렌트카,9:00,21:00
㈜브이아이피렌트카,9:00,21:00
㈜삼천리렌트카,9:00,21:00
(주)엔젤렌터카,9:00,18:00
몬스터렌터카,9:00,18:00
미스터제이케이렌트카,9:00,18:00
보배렌트카,9:00,18:00
샤이어렌트카,9:00,18:00
스타렌트카,9:00,18:00
차세대렌트카(주),0:00,23:59
차세대렌트카(주),0:00,23:59
블루렌트카,9:00,18:00
SK렌터카㈜,9:00,18:00
㈜현대관광렌트카,9:00,18:00
(유)세진알엔씨,9:00,18:00
타라고,9:00,18:00
태성렌트카,9:00,18:00
그리드렌트카,9:00,18:00
다음렌트카,9:00,18:00
골든레저,9:00,18:00
저스트렌트카,9:00,18:00
차이카렌트카,9:00,18:00
경진카㈜,9:00,18:00
경진렌트카㈜,9:00,18:00
그린렌트카㈜,9:00,21:00
장기렌터카㈜,9:00,18:00
㈜라이프렌터카,8:00,22:00
연보라㈜,8:00,22:00
㈜아이에스렌터카,9:00,18:00
제이씨아이렌트카,9:00,18:00
삼보렌트카,9:00,19:00
더블유렌트카,9:00,19:00
우리렌트카,9:00,19:00
제이와이엔터,9:00,19:00
빌려볼카,9:00,19:00
뉴하이렌트카,9:00,18:00
삼성렌트카,9:00,18:00
서경렌트카,9:00,18:00
오토랜드세이프,9:00,18:00
신우렌트카,9:00,18:00
블루렌트카,9:00,18:00
뉴삼보렌트카,9:00,18:00
대박렌트카,9:00,18:00
로얄렌트카,9:00,18:00
마춤카,9:00,18:00
㈜스마트렌트카 도계,9:00,20:00
㈜허니문렌트카,0:00,23:59
㈜크라운렌트카,0:00,23:59
에이티렌터카㈜,0:00,23:59
㈜드림렌트카,0:00,23:59
인천공항렌트카㈜,0:00,23:59
㈜디디렌트카,0:00,23:59
㈜씨엔에스어울림렌트카,0:00,23:59
경진렌트카㈜,9:00,18:00
㈜동산렌트카,9:30,18:00
㈜렌트114,8:00,20:00
㈜삼성통운,8:30,18:30
㈜성일렌트카,9:00,19:00
㈜에스와이렌터카,9:00,18:00
㈜진렌트카,8:30,19:30
㈜카보스렌터카,9:00,18:00
㈜카엔퍼블릭,9:00,18:00
㈜한길렌트카,9:00,18:00
(주)노블레스렌터카,8:30,18:00
(주)케이엔렌터카,10:00,17:00
(유)프라임렌트카,8:30,19:00
㈜위굴리,9:00,18:00
㈜유성렌트카,9:00,18:00
㈜하나로렌트카,9:00,18:00
지에스렌트카 오토리스㈜,9:00,18:00
마춤카㈜,9:00,18:00
㈜그린카,9:00,18:00
차놀자렌트카㈜,9:00,18:00
㈜하나로렌트카-수원,9:00,21:00
강경렌트카㈜,8:00,20:00
고렌트카㈜,9:00,18:00
아주모터스㈜,9:00,18:00
에이투렌트카㈜,8:30,18:00
에코렌트카㈜,9:00,18:00
오리엔탈렌터카㈜,9:00,19:00
초이스렌트카㈜,9:00,18:00
지에스렌트카 오토리스㈜,9:00,18:00
㈜달카,9:00,18:00
㈜이노스렌트카,9:00,18:00
㈜푸른렌트카,0:00,23:59
㈜범아렌트카,0:00,23:59
(주)엔젤렌트카,9:00,18:00
㈜제주오케이렌터카,7:45,20:00
㈜굿모닝렌트카,7:45,20:00
(유)제주공항렌트카,7:45,20:00
메트로렌트카㈜,7:45,20:00
㈜한길렌터카,7:45,20:00
㈜대진렌트카,7:45,20:00
㈜발리렌트카,7:45,20:00
㈜렌트파크,7:45,20:00
㈜하나렌트카,7:45,20:00
굿모닝오토랜드,9:00,17:00
리스본렌트카,9:00,20:00
(주)남부현대차서비스,9:00,19:00
㈜한강렌터카,8:00,22:00
㈜교보렌터카,0:00,23:59
㈜뉴욕렌트카,0:00,23:59
㈜)렌트카매니아,0:00,23:59
㈜이지웨이렌트카,0:00,23:59
㈜렌탈스테이션,0:00,23:59
퍼시픽렌터카㈜,0:00,23:59
㈜플러스원렌트카,0:00,23:59
㈜바다렌트카,0:00,23:59
㈜렌트원,0:00,23:59
㈜행운렌트카,7:45,20:00
㈜제주사랑렌트카,7:45,20:00
한라산렌트카㈜,7:45,20:00
㈜특별한렌트카,7:45,20:00
㈜제주드림렌트카,7:45,20:00
㈜제주여행렌트카,7:45,20:00
㈜제주타요렌터카,7:45,20:00
㈜좋은,7:45,20:00
㈜KD,7:45,20:00
㈜제주평화렌트카,7:45,20:00
(주)제주현대렌트카,7:45,20:00
㈜쏘카,7:45,20:00
㈜썬렌트카,7:45,20:00
㈜스마트렌트카,7:45,20:00
㈜무지개렌트카,7:45,20:00
㈜뉴대한렌트카,7:45,20:00
㈜우리렌트카,7:45,20:00
㈜공항렌트카,7:45,20:00
㈜레츠고렌트카,7:45,20:00
㈜퍼스트렌트카,7:45,20:00
㈜통일렌트카,7:45,20:00
㈜더쎄븐렌트카,7:45,20:00
㈜에스제이렌트카,7:45,20:00
㈜메이저렌트카,7:45,20:00
㈜갤럭시렌터카,7:45,20:00
㈜제주유명렌트카,7:45,20:00
조아렌트카㈜,7:45,20:00
㈜에이스렌트카,7:45,20:00
㈜오라렌트카,7:45,20:00
(유)제주삼성렌트카,7:45,20:00
㈜예스렌트카,7:45,20:00
㈜플러스렌트카,9:00,18:00
㈜제주한라렌트카,7:45,20:00
㈜제주자연렌트카,7:45,20:00
㈜디렌트카,7:45,20:00
(주)제주카카오렌트카,7:45,20:00
㈜하이제주렌트카,7:45,20:00
㈜제주명품렌트카,7:45,20:00
㈜씨유렌트카,7:45,20:00
㈜제주엔젤렌트카,7:45,20:00
㈜오렌지렌트카,7:45,20:00
㈜로그인렌트카,7:45,20:00
㈜씨카,7:45,20:00
㈜제주에코렌트카,7:45,20:00
㈜자유렌터카,7:45,20:00
㈜수렌트카,7:45,20:00
(주)제주카카,7:45,20:00
㈜땡큐제주렌트카,7:45,20:00
㈜제주다움렌터카,7:45,20:00
㈜로얄렌트카,7:45,20:00
㈜블루렌트카,7:45,20:00
㈜로보트렌트카,7:45,20:00
㈜베스트,7:45,20:00
㈜제주알프스렌트카,7:45,20:00
㈜제주파워렌트카,7:45,20:00
㈜제주공항전기차,7:45,20:00
㈜우도전기렌트카,7:45,20:00
㈜제주아이렌트카,7:45,20:00
㈜라인렌트카,7:45,20:00
자보렌트카㈜,7:45,20:00
㈜제주원렌트카,7:45,20:00
㈜매일렌트카,7:45,20:00
㈜비비카,7:45,20:00
㈜제주유레카,7:45,20:00
㈜스마일렌트카,7:45,20:00
㈜녹원렌터카,7:45,20:00
㈜제주보고타렌트카,7:45,20:00
㈜플러스제주렌트카,7:45,20:00
레인보우모빌리티㈜,7:45,20:00
㈜디알,7:45,20:00
㈜제주이브이전기렌트카,7:45,20:00
㈜제이공항렌트카,7:45,20:00
㈜제이테크인,7:45,20:00
금강렌트카㈜,7:45,20:00
㈜하이렌터카,7:45,20:00
㈜국제렌트카,7:45,20:00
㈜신동아렌트카,7:45,20:00
제주아이엔지㈜,7:45,20:00
㈜일출렌터카,7:45,20:00
㈜소풍렌트카,7:45,20:00
㈜제주동백렌트카,7:45,20:00
㈜제주마음렌트카,7:45,20:00
제주야렌트카㈜,7:45,20:00
㈜바로렌트카,7:45,20:00
㈜그린렌트카,7:45,20:00
롯데렌탈㈜,7:45,20:00
㈜차세대,7:45,20:00
에스케이렌터카㈜(SK),7:45,20:00
㈜경동,7:45,20:00
㈜레드캡,7:45,20:00
㈜제주스타렌탈,7:45,20:00
㈜제주제일렌터카,7:45,20:00
㈜해피네트웍스,7:45,20:00
퍼시픽렌트카㈜,7:45,20:00
삼지렌트카,8:30,22:00
신형렌트카,0:00,23:59
에스케이렌터카(주) 제천 영업소,8:00,20:00
㈜엠케이렌트카 제천영업소,9:00,18:00
엠제이렌트카(주) 제천영업소,8:30,18:00
엠제이렌트카(주) 의림영업소,8:30,18:00
베스트렌트카,8:00,19:00
㈜글로벌파트너 제천영업소,0:00,23:59
애니렌트카,9:00,18:00
지에스렌트카,0:00,23:59
㈜쏘카(제천영업소),0:00,23:59
(주)우일렌트카,9:00,18:00
(유)탑스렌터카,9:00,18:00
(유)제이더블유렌트카,9:00,18:00
(유)케이지렌터카,9:00,18:00
(유)미래렌트카,9:00,18:00
(주)국도렌트카,9:00,18:00
(유)태평렌트카,9:00,18:00
(주)고고렌트카,9:00,18:00
(주)채움씨앤씨,9:00,18:00
(주)에스오토렌탈,9:00,18:00
(주)아산렌트카,9:00,18:00
(유)카카오렌트카,9:00,18:00
(유)백두산렌트카,9:00,18:00
(주)더조은렌트카,9:00,18:00
(유)비상렌트카,9:00,18:00
(주)오렌지렌터카,9:00,18:00
(주)부경,9:00,18:00
(유)퍼스트렌트카,9:00,18:00
(유)한국렌트카,9:00,18:00
목송씨앤씨(주),9:00,18:00
경원렌트카㈜,9:00,18:00
㈜일일사렌트카,9:00,18:00
㈜일일사렌트카단원영업소,9:00,18:00
㈜일일사렌트카본오영업소,9:00,18:00
㈜일일사렌트카신안산영업소,9:00,18:00
㈜일일사렌트카일동영업소,9:00,18:00
㈜일일사렌트카사동영업소,9:00,18:00
그린렌트카㈜,9:00,18:00
케이렌트카㈜,9:00,18:00
(주)부경렌트카 울산영업소,9:00,18:00
케이렌트카㈜이동영업소,9:00,18:00
㈜오토렌트카,9:00,18:00
㈜그레이트렌트카,9:00,18:00
㈜뉴삼성렌트카,9:00,18:00
㈜뉴삼성렌트카안산영업소,9:00,18:00
㈜뉴삼성렌트카상록영업소,9:00,18:00
㈜와이드,9:00,18:00
㈜에이치디렌트카,9:00,18:00
㈜비엠렌터카,9:00,18:00
㈜선경엔씨에스렌트카,9:00,18:00
㈜선경엔씨에스렌트카 안산영업소,9:00,18:00
㈜선경엔씨에스렌트카 동안산영업소,9:00,18:00
㈜선경엔씨에스렌트카 상록영업소,9:00,18:00
㈜고고렌트카,9:00,18:00
이토이렌트카㈜,9:00,18:00
㈜오마이렌트카,9:00,18:00
(유)케이비렌트카 주사무소,9:00,21:00
(유)케이비렌트카 해남영업소,9:00,21:00
(유)드림렌터카 주사무소,9:00,21:00
(유)드림렌터카 강진영업소,9:00,21:00
(유)엠제이렌트카 주사무소,9:00,21:00
(유)엠제이렌트카 보성영업소,9:00,21:00
㈜아산렌터카 주사무소,9:00,21:00
㈜아산렌터카 무안영업소,9:00,21:00
(유)오렌지렌트카 주사무소,9:00,21:00
롯데렌탈(주) 울산영업소,9:00,18:00
(유)오렌지렌트카 무안영업소,9:00,21:00
㈜제일렌트카 주사무소,9:00,21:00
㈜제일렌트카 완도영업소,9:00,21:00
㈜제일렌트카 순천영업소,9:00,21:00
㈜제일렌트카 여수영업소,9:00,21:00
㈜제일렌트카 일산영업소,9:00,21:00
㈜노블레스렌트카 주사무소,9:00,21:00
㈜노블레스렌트카 목포역영업소,9:00,21:00
㈜노블레스렌트카 광주영업소,9:00,21:00
㈜모아렌트카 주사무소,9:00,21:00
곰두리렌터카(주),9:00,18:00
금강렌트카(주),9:00,19:00
(주)금성교역,9:00,18:00
(주)나우렌트카,9:00,18:00
뉴곰두리렌터카(주),9:00,18:00
(주)뉴현대렌트카,9:00,19:00
(주)대동렌트카,9:00,18:00
울산렌트카(주),9:00,18:00
(주)제일렌트카,9:00,19:00
(유)타이거렌트카,9:00,18:00
(주)현대하이렌트카,9:00,18:00
(주)경일알씨 울산영업소,9:00,18:00
(주)국제렌트카 울산영업소,9:00,18:00
(주)극동오토렌탈 울산영업소,9:00,18:00
(주)뉴그린렌트카 울산영업소,9:00,18:00
투투렌트카(유),9:00,18:00
(주)뉴예스렌트카 울산영업소,9:00,18:00
(주)레드캡투어 울산영업소,9:00,18:00
마춤카(주) 울산영업소,9:00,18:00
비마이카(주) 울산영업소,9:00,18:00
(주)삼천리렌트카 남울산영업소,9:00,18:00
(주)삼천리렌트카 북울산영업소,9:00,18:00
(주)세종통운 울산영업소,9:00,18:00
(주)솔렌터카 울산영업소,9:00,18:00
(주)신세계 남울산영업소,9:00,18:00
(주)신세계 울산영업소,9:00,18:00
(주)쏘카 울산영업소,9:00,18:00
하이렌터카)주),9:00,18:00
(주)알앤에이 울산1영업소,9:00,18:00
(주)알앤에이 울산2영업소,9:00,18:00
에스케이렌터카(주) 울산영업소,9:00,18:00
(주)오케이렌트카 울산영업소,9:00,18:00
(주)오케이렌트카 울산북구영업소,9:00,18:00
(주)용인렌트카 울산영업소,9:00,18:00
(주)유성렌트카,9:00,18:00
지에스렌트카(주) 울산영업소,9:00,18:00
(주)아이엠에스원,9:00,18:00
㈜우등렌트카,9:00,19:00
창신렌트카(주) 울산영업소,9:00,18:00
(주)칸렌트카 울산영업소,9:00,18:00
(주)케이제이렌트카 울산영업소,9:00,18:00
투투렌트카(유) 울산영업소,9:00,18:00
(주)피제이렌트카,9:00,18:00
(주)피제이렌트카,9:00,18:00
㈜에이치케이렌트카,9:00,18:00
(주)한지렌트카 울산영업소,9:00,18:00
(주)한진렌트카 울산영업소,9:00,18:00
(주)한진렌트카 울산제2영업소,9:00,18:00
오토랜드세이프㈜,9:00,18:00
(주)모두렌터카,9:00,18:00
(주)모두렌터카,9:00,18:00
㈜VIP렌트카,9:00,18:00
씨앤에이치프리미어렌탈,9:00,18:00
㈜에이엠렌트카,9:00,18:00
(자)기풍렌트카 신하점,8:00,20:00
(자)기풍렌트카 이천영업소,8:00,20:00
㈜가가렌트카,8:30,20:00
㈜뉴현대드림렌트카,8:30,20:00
㈜둔산렌트카,0:00,21:00
㈜미래렌트카,9:00,18:00
㈜씨엔씨,0:00,21:00
㈜에이제이렌트카,9:00,21:00
㈜유카,0:00,21:00
㈜제이디렌트카,8:00,20:00
㈜카보스렌트카,0:00,21:00
㈜코리아렌트카,8:00,21:00
㈜포유,0:00,21:00
롯데렌탈㈜,8:30,20:00
청화렌트카,8:00,21:00
유로렌트카㈜,9:00,18:00
㈜천조렌트카,9:00,18:00
㈜천조렌트카,9:00,18:00
㈜천조렌트카,9:00,18:00
㈜천조렌트카,9:00,18:00
㈜천조렌트카,9:00,18:00
㈜에이스렌트카,9:00,18:00
㈜한빛렌트카,9:00,18:00
㈜우리렌트카,9:00,18:00
㈜우리렌트카,9:00,18:00
㈜아이에스모빌리티,9:00,18:00
주식회사 가을렌트카,9:00,18:00
향우렌트카㈜,9:00,18:00
빌려타렌트카㈜,9:00,18:00
빌려타렌트카㈜,9:00,18:00
빌려타렌트카㈜,9:00,18:00
빌려타렌트카㈜,9:00,18:00
㈜위메인렌터카,9:00,18:00
㈜터미널렌트카,9:00,18:00
㈜더라임,9:00,18:00
㈜애드렌트카,9:00,18:00
(합)경성렌트카,9:00,18:00
㈜해동렌트카,9:00,18:00
바로이렌트카㈜,9:00,18:00
이카모빌리티 주식회사,9:00,18:00
예스렌터카㈜,9:00,18:00
(유)동부렌터카,9:00,20:00
(유)삼일렌터카,9:00,20:00
(유)드림렌터카,9:00,20:00
㈜글로벌렌터카,7:00,21:00
㈜글로벌렌터카 그린영업소,7:00,21:00
㈜나라렌터카,7:00,21:00
㈜나라렌터카 문막영업소,7:00,21:00
㈜나라렌터카 단계영업소,7:00,21:00
㈜나라렌터카 우산영업소,7:00,21:00
㈜로또렌트카,7:00,21:00
㈜로또렌트카 원주영업소,7:00,21:00
㈜로또렌트카 명륜영업소,7:00,21:00
㈜로또렌트카 캠핑카놀자영업소,7:00,21:00
정도인터내셔널㈜,7:00,21:00
㈜제이씨아이렌트카,7:00,21:00
㈜제이씨아이렌트카 단구영업소,7:00,21:00
SK렌터카㈜,9:00,18:00
㈜현대관광렌트카,9:00,18:00
현대디씨렌트카㈜,9:00,23:59
브이아이피렌트카㈜,9:00,20:00
(유)더굿카,8:00,21:30
(합)우리렌터카,8:00,19:00
㈜휙고,9:00,23:59
코바렌터카㈜,9:00,23:59
마춤카㈜,9:00,23:59
기아㈜,9:00,20:00
㈜신형렌트카,9:00,23:59
롯데렌탈㈜,9:00,18:00
㈜금강렌트카,8:30,20:00
㈜동양렌트카,9:00,23:59
㈜동양렌트카,9:00,23:59
㈜동양렌트카,9:00,23:59
㈜동양렌트카,9:00,23:59
㈜현대관광렌트카,9:00,23:59
㈜현대관광렌트카,9:00,23:59
㈜현대관광렌트카,9:00,20:00
㈜현대관광렌트카,9:00,20:00
㈜케이투렌트카,9:00,23:59
㈜케이투렌트카,9:00,23:59
㈜부일렌트카,9:00,23:59
대한렌트카㈜,9:00,23:59
㈜진렌트카,9:00,20:00
㈜쏘카,9:00,23:59
㈜로또렌트카,9:00,23:59
㈜로또렌트카,9:00,17:30
㈜로또렌트카,9:00,23:59
㈜스마트렌트카,9:00,18:00
㈜에이엠렌터카,9:00,23:00
㈜독도렌트카,9:00,19:00
㈜뉴대한렌트카,9:00,20:00
지에스렌트카㈜,9:00,20:00
㈜한기련렌트카,9:00,20:00
(유)본렌터카,9:00,23:59
㈜한빛렌트카,9:00,20:00
케이카㈜,9:00,20:00
마스타자동차관리㈜,9:00,20:00
스마트렌트카 지니,9:00,20:00
스마트렌트카 강릉,9:00,20:00
에스케이렌터카 강릉,9:00,20:00
㈜대상렌트카,9:00,23:59
스타렌트카㈜,9:00,23:59
㈜에이치케이렌터카,9:00,23:59
